ESCENARIO,NREP,ID,FLOTA,Cola Carga (hs),Cuadrado (hs),Carga (hs),Viaje Cargado (hs),Cola Descarga (hs),Descarga (hs),Viaje Vacio (hs),Sin Cargadora (hs),Sin Material (hs),Mant Correctivo (hs),Mant Programado (hs),Cambio Turno (hs),Stand By (hs),Otras Detenciones (hs),Voladura (hs),VACIO,VACIO,VACIO,VACIO,VACIO,VACIO,VACIO,VACIO,VACIO,Carga Acum (t)
xPBudget_bl_1_4-MODS4,1,HT001,KOM930,1326.1077269191,127.04708333402574,279.4401966425659,2215.0586118977462,119.77165011493906,192.08833333331853,1773.549776217049,498.75,0.0,1324.800000000002,0.0,201.48735205612527,42.5,489.8671523354567,57.0,0.0,0.0,0.0,0.0,0.0,0.0,0.0,0.0,0.0,1490420.3499999999
xPBudget_bl_1_4-MODS4,1,HT002,KOM930,1327.0894976908558,129.53033333407015,294.5152046281169,2251.242205056753,117.52762972415621,195.0016666667155,1808.276002409896,540.0,0.5,1192.3200000000018,0.0,201.4873520561254,42.5,489.86715233545624,50.5,0.0,0.0,0.0,0.0,0.0,0.0,0.0,0.0,0.0,1516452.0
xPBudget_bl_1_4-MODS4,1,HT003,KOM930,1302.813494077332,130.33300000068877,272.53092275124834,2244.0067866128666,111.82459853775151,196.458333333341,1812.9596303197445,535.5,1.0,1251.2000000000019,0.0,201.48735205612522,42.5,489.86715233545584,52.0,0.0,0.0,0.0,0.0,0.0,0.0,0.0,0.0,0.0,1528675.92
xPBudget_bl_1_4-MODS4,1,HT004,KOM930,1243.5008370095557,122.45683333401118,302.4203484595148,2136.776185482682,108.81042673821285,184.42166666664596,1713.5284010015134,559.0,0.0,1486.7200000000023,0.0,201.48735205612522,42.5,489.1900726501279,55.5,0.0,0.0,0.0,0.0,0.0,0.0,0.0,0.0,0.0,1435208.23
xPBudget_bl_1_4-MODS4,1,HT005,KOM930,1394.1897295796757,129.48016666734907,277.99956687436935,2243.481675862251,110.53123628740953,195.00166666667354,1802.557742763002,499.50000000000006,0.0,1207.0400000000018,0.0,201.48735205612533,42.5,489.8671523354561,56.0,0.0,0.0,0.0,0.0,0.0,0.0,0.0,0.0,0.0,1511122.1000000003
xPBudget_bl_1_4-MODS4,1,HT006,KOM930,1311.1561830630487,126.74608333399469,291.69620744149637,2216.5192177750014,116.95156093072555,191.8583333333395,1766.4789488933804,502.25,1.5,1295.360000000002,0.0,201.4873520561253,42.5,489.86715233545704,57.5,0.0,0.0,0.0,0.0,0.0,0.0,0.0,0.0,0.0,1487275.8599999996
xPBudget_bl_1_4-MODS4,1,HT007,KOM930,1391.2818561161962,124.81466666735031,305.1865904880076,2173.289016434176,104.40917323553626,188.13999999999075,1739.4467839581507,528.75,0.5,1295.360000000002,0.0,201.4873520561253,42.5,489.86715233545624,51.0,0.0,0.0,0.0,0.0,0.0,0.0,0.0,0.0,0.0,1463518.6599999995
xPBudget_bl_1_4-MODS4,1,HT008,KOM930,1337.0895608843152,126.72100000070682,253.5921716890261,2205.907575435423,123.04639542204264,191.51333333333008,1761.5939826650185,517.5,1.0,1324.800000000002,0.0,201.48735205612525,42.5,489.86715233545596,60.0,0.0,0.0,0.0,0.0,0.0,0.0,0.0,0.0,0.0,1490057.54
xPBudget_bl_1_4-MODS4,1,HT009,KOM930,1336.0682213885193,126.92166666736131,240.89574869740892,2207.320298666533,112.77045783973529,191.7050000000408,1776.255365956685,489.5,3.0,1368.960000000002,0.0,201.4873520561254,42.5,489.86715233545664,64.5,0.0,0.0,0.0,0.0,0.0,0.0,0.0,0.0,0.0,1488361.3299999996
xPBudget_bl_1_4-MODS4,1,HT010,KOM930,1395.967045059509,132.6155833340764,257.57722712292394,2339.951838418838,121.87526838401175,200.02333333331154,1866.4674916803294,542.75,0.0,1000.9600000000014,0.0,201.48735205612533,42.5,489.86715233545556,54.5,0.0,0.0,0.0,0.0,0.0,0.0,0.0,0.0,0.0,1555374.6
xPBudget_bl_1_4-MODS4,1,HT011,KOM930,1272.552570693284,124.21266666733857,277.82134477887297,2171.2448069016555,106.18425956525881,187.79499999998802,1740.3079360519598,478.25,1.0,1501.4400000000023,0.0,201.4873520561252,42.5,489.86715233545664,52.5,0.0,0.0,0.0,0.0,0.0,0.0,0.0,0.0,0.0,1461496.3199999996
xPBudget_bl_1_4-MODS4,1,HT012,KOM930,1341.682639683744,125.61733333403956,311.2512660051052,2179.495597667844,120.70178820310848,189.67333333330393,1735.7543085078637,519.0,0.0,1339.520000000002,0.0,201.4873520561252,42.5,489.8671523354567,53.5,0.0,0.0,0.0,0.0,0.0,0.0,0.0,0.0,0.0,1473189.3399999999
xPBudget_bl_1_4-MODS4,1,HT013,KOM930,1247.6794908897368,126.11900000068664,303.65295564805956,2198.2527506380684,106.49814492235099,190.28666666664185,1762.3921375591513,477.75,0.0,1427.8400000000022,0.0,201.48735205612516,42.5,489.8671523354566,54.0,0.0,0.0,0.0,0.0,0.0,0.0,0.0,0.0,0.0,1475773.4299999992
xPBudget_bl_1_4-MODS4,1,HT014,KOM930,1329.3262585184373,127.57383333404613,274.47492802118614,2228.12924358117,111.3525473561825,192.54833333336103,1774.7131799362496,521.25,0.5,1310.080000000002,0.0,201.48735205612533,42.5,489.86715233545607,45.5,0.0,0.0,0.0,0.0,0.0,0.0,0.0,0.0,0.0,1495203.1600000001
xPBudget_bl_1_4-MODS4,1,HT015,KOM930,1401.0621904152022,124.91500000068292,284.6569692064708,2178.3638186658654,119.09539339243561,188.67666666668288,1738.6592673333134,586.25,1.5,1207.0400000000018,0.0,201.48735205612522,42.5,489.8671523354562,58.0,0.0,0.0,0.0,0.0,0.0,0.0,0.0,0.0,0.0,1465319.0000000005
xPBudget_bl_1_4-MODS4,1,HT016,KOM930,1350.8151598335028,125.61733333403826,259.52820377209065,2189.7688090126067,108.74402556963835,189.86500000001715,1759.7106828306673,528.75,0.5,1354.240000000002,0.0,201.4873520561253,42.5,489.52861249279243,50.5,0.0,0.0,0.0,0.0,0.0,0.0,0.0,0.0,0.0,1477145.1500000001
xPBudget_bl_1_4-MODS4,1,HT017,KOM930,1347.492456662968,127.57383333407407,286.6005232957472,2223.5911580855027,110.49095567651764,192.8166666666594,1788.0200276173027,506.75,0.5,1265.920000000002,0.0,201.21134198481565,42.5,489.19007265012726,57.5,0.0,0.0,0.0,0.0,0.0,0.0,0.0,0.0,0.0,1496473.55
xPBudget_bl_1_4-MODS4,1,HT018,KOM930,1346.1816627883966,124.81466666735383,278.6887080860285,2166.2114279956495,114.42907822356483,188.52333333333314,1744.3521372625864,573.0,1.0,1295.360000000002,0.0,201.48735205612527,42.5,489.8671523354565,56.0,0.0,0.0,0.0,0.0,0.0,0.0,0.0,0.0,0.0,1464799.57
xPBudget_bl_1_4-MODS4,1,HT019,KOM930,1386.124896250343,130.8095833340658,268.6388294973092,2278.1824189500912,117.39798194492751,197.56999999998774,1819.0239034396247,509.5,1.0,1148.1600000000017,0.0,201.48735205612522,42.5,489.8671523354554,54.5,0.0,0.0,0.0,0.0,0.0,0.0,0.0,0.0,0.0,1534282.110000001
xPBudget_bl_1_4-MODS4,1,HT020,KOM930,1367.0469923531518,129.85641666738985,263.2453259213566,2269.4423410563713,114.45140749730376,196.4966666666751,1810.1809625124538,545.25,0.5,1133.4400000000016,0.0,201.48735205612527,42.5,489.86715233545607,60.0,0.0,0.0,0.0,0.0,0.0,0.0,0.0,0.0,0.0,1527663.59
xPBudget_bl_1_4-MODS4,1,HT021,KOM930,1297.8695588830565,129.15408333406845,263.0914958552369,2245.682352504956,120.99717976606144,195.1166666666968,1792.5365930996,525.5,1.5,1265.920000000002,0.0,201.48735205612527,42.5,489.86715233545624,51.0,0.0,0.0,0.0,0.0,0.0,0.0,0.0,0.0,0.0,1517941.9900000002
xPBudget_bl_1_4-MODS4,1,HT022,KOM930,1394.6268465851854,126.14408333399533,238.8993498738615,2170.6125480040664,117.10293236097068,190.09500000000315,1740.2407125605578,517.25,0.5,1368.960000000002,0.0,201.48735205612522,42.5,489.8671523354563,46.0,0.0,0.0,0.0,0.0,0.0,0.0,0.0,0.0,0.0,1478793.67
xPBudget_bl_1_4-MODS4,1,HT023,KOM930,1293.409114030423,126.996916667381,266.0526939820486,2209.3061501315133,111.95389726631498,191.935000000028,1773.3013665141725,545.75,1.5,1310.080000000002,0.0,201.2113419848155,42.5,489.1900726501269,46.5,0.0,0.0,0.0,0.0,0.0,0.0,0.0,0.0,0.0,1492135.6800000004
xPBudget_bl_1_4-MODS4,1,HT024,KOM930,1317.7642583733725,124.86483333402587,264.1902913659675,2171.9073387320987,117.35767084103651,188.21666666661713,1743.840963837427,553.25,0.5,1339.520000000002,0.0,201.48735205612508,42.5,489.8671523354566,59.5,0.0,0.0,0.0,0.0,0.0,0.0,0.0,0.0,0.0,1462122.71
xPBudget_bl_1_4-MODS4,1,HT025,KOM930,1305.7631696143644,124.9400833339895,252.5962580622199,2180.6119109181454,106.91457786450616,188.21666666666977,1753.6559920630045,506.75,1.0,1427.8400000000022,0.0,201.48735205612527,42.5,489.86715233545704,50.5,0.0,0.0,0.0,0.0,0.0,0.0,0.0,0.0,0.0,1461541.4000000001
xPBudget_bl_1_4-MODS4,1,HT026,KOM930,1362.1889907641507,125.79291666735017,235.89490080490282,2192.3192375709395,108.267445165482,189.94166666670765,1759.591483477539,484.25000000000006,1.0,1368.960000000002,0.0,201.48735205612505,42.5,489.8671523354564,60.5,0.0,0.0,0.0,0.0,0.0,0.0,0.0,0.0,0.0,1474239.2299999997
xPBudget_bl_1_4-MODS4,1,HT027,KOM930,1353.4428978465537,126.11900000070953,245.65086318205903,2219.3893771968856,112.66704264935126,190.43999999997845,1778.6211351748955,472.0,1.0,1354.240000000002,0.0,201.48735205612516,42.5,489.86715233545686,56.0,0.0,0.0,0.0,0.0,0.0,0.0,0.0,0.0,0.0,1478258.9799999997
xPBudget_bl_1_4-MODS4,1,HT028,KOM930,1297.074855891153,129.88150000076325,260.2733195178289,2252.8916001058906,116.34096341532178,195.9983333333659,1804.858586854517,524.0,1.5,1251.2000000000019,0.0,201.48735205612536,42.5,489.8671523354557,60.5,0.0,0.0,0.0,0.0,0.0,0.0,0.0,0.0,0.0,1522002.1899999997
xPBudget_bl_1_4-MODS4,1,HT029,KOM930,1310.6458623309163,125.16583333401599,270.1362657388463,2164.587317355906,116.95575236388426,188.90666666666525,1732.5195868033961,482.75,1.0,1457.2800000000022,0.0,201.4873520561253,42.5,489.86715233545686,58.0,0.0,0.0,0.0,0.0,0.0,0.0,0.0,0.0,0.0,1469574.98
xPBudget_bl_1_4-MODS4,1,HT030,KOM930,1302.9484272792624,127.14741666740704,308.78628883142875,2197.010679799961,125.12501075510326,191.97333333336894,1764.365109926866,495.0,0.5,1339.520000000002,0.0,201.48735205612527,42.5,489.86715233545704,55.5,0.0,0.0,0.0,0.0,0.0,0.0,0.0,0.0,0.0,1488897.9200000002
xPBudget_bl_1_4-MODS4,1,HT031,KOM930,1374.9962946914252,127.4735000006925,289.9009449023005,2201.3461558874465,113.51793342876522,191.93500000003078,1765.9936159918727,492.0,1.5,1265.920000000002,0.0,201.2113419848155,42.5,489.1900726501268,52.5,0.0,0.0,0.0,0.0,0.0,0.0,0.0,0.0,0.0,1487968.1100000003
xPBudget_bl_1_4-MODS4,1,HT032,KOM930,1376.3112954079306,126.36983333404234,281.6437879693842,2187.039204207311,113.81345086507397,190.4399999999964,1755.444792580343,541.5,0.5,1280.640000000002,0.0,201.48735205612545,42.5,489.8671523354565,53.0,0.0,0.0,0.0,0.0,0.0,0.0,0.0,0.0,0.0,1479479.5299999998
xPBudget_bl_1_4-MODS4,1,HT033,KOM930,1315.8218935845557,124.01200000066558,268.265395978338,2160.4940916063715,107.31672347776741,187.1816666666355,1729.5823104708163,534.5,0.0,1427.8400000000022,0.0,201.48735205612522,42.5,489.8671523354563,56.5,0.0,0.0,0.0,0.0,0.0,0.0,0.0,0.0,0.0,1455451.2199999993
xPBudget_bl_1_4-MODS4,1,HT034,KOM930,1299.1055501080202,126.16916666734512,235.85345932484472,2192.675624513875,108.66484572547759,190.43999999995668,1755.6937452149155,528.25,0.5,1427.8400000000022,0.0,201.4873520561254,42.5,489.8671523354554,51.5,0.0,0.0,0.0,0.0,0.0,0.0,0.0,0.0,0.0,1479345.6500000004
xPBudget_bl_1_4-MODS4,1,HT035,KOM930,1377.9446340484865,130.6590833340521,239.64458376549834,2255.807982733907,118.946035275622,197.1866666666811,1813.8501689916861,522.25,0.5,1177.6000000000017,0.0,201.48735205612522,42.5,489.1900726501271,50.0,0.0,0.0,0.0,0.0,0.0,0.0,0.0,0.0,0.0,1533410.9100000001
xPBudget_bl_1_4-MODS4,1,HT036,KOM930,1360.8851271568228,129.6557500006748,297.9995514930174,2241.7795982610955,117.32339740867255,195.61499999999853,1798.806735016074,516.0,1.0,1192.3200000000018,0.0,201.4873520561253,42.5,489.86715233545664,62.5,0.0,0.0,0.0,0.0,0.0,0.0,0.0,0.0,0.0,1520388.3300000003
xPBudget_bl_1_4-MODS4,1,HT037,KOM930,1305.6963559900262,130.20758333400914,288.62742390877344,2242.783801042903,120.15997512056549,196.76499999999612,1804.4547055393268,522.25,1.0,1236.4800000000018,0.0,201.4873520561253,42.5,489.8671523354561,56.0,0.0,0.0,0.0,0.0,0.0,0.0,0.0,0.0,0.0,1527685.7599999998
xPBudget_bl_1_4-MODS4,1,HT038,KOM930,1314.7716277486352,129.07883333406102,252.3206981182349,2254.246262157727,120.29717410967989,195.00166666665572,1813.141048404484,483.75,1.5,1280.640000000002,0.0,201.48735205612533,42.5,489.8671523354568,60.0,0.0,0.0,0.0,0.0,0.0,0.0,0.0,0.0,0.0,1513392.2100000002
xPBudget_bl_1_4-MODS4,1,HT039,KOM930,1340.2040905772137,128.02533333399828,288.8701970409228,2229.5033764112095,118.56392951126374,193.58333333333667,1781.883375786208,547.0,0.0,1221.7600000000018,0.0,201.4873520561253,42.5,489.8671523354557,58.5,0.0,0.0,0.0,0.0,0.0,0.0,0.0,0.0,0.0,1504457.5699999994
xPBudget_bl_1_4-MODS4,1,HT040,KOM930,1341.4029934972054,126.52033333401701,291.92085286756594,2195.9432372333285,117.16193870786945,190.9766666666836,1755.8987736355,526.5,1.5,1295.360000000002,0.0,201.48735205612533,42.5,489.5286124927923,52.5,0.0,0.0,0.0,0.0,0.0,0.0,0.0,0.0,0.0,1485122.0399999998
xPBudget_bl_1_4-MODS4,1,HT041,KOM930,1380.4945294583638,135.04866666739082,283.2606772873806,2350.164208426668,120.5181493215878,204.00999999998336,1880.6926821789905,539.0,0.5,956.8000000000013,0.0,201.4873520561253,42.5,489.8671523354558,54.5,0.0,0.0,0.0,0.0,0.0,0.0,0.0,0.0,0.0,1583735.8
xPBudget_bl_1_4-MODS4,1,HT042,KOM930,1349.635405165704,125.09058333400478,257.8270844326403,2189.181348915535,111.58060113402544,188.63833333332772,1753.0314178801264,561.75,0.5,1295.360000000002,0.0,201.21134198481545,42.5,488.8515328074632,51.5,0.0,0.0,0.0,0.0,0.0,0.0,0.0,0.0,0.0,1468053.5699999998
xPBudget_bl_1_4-MODS4,1,HT043,KOM930,1268.869161425976,123.71100000067877,306.55504918184056,2136.064217561318,99.0190235790036,187.02833333334928,1716.894080801644,490.0,1.0,1516.1600000000024,0.0,201.21134198481542,42.5,489.19007265012823,53.0,0.0,0.0,0.0,0.0,0.0,0.0,0.0,0.0,0.0,1453171.0400000003
xPBudget_bl_1_4-MODS4,1,HT044,KOM930,1315.2907242543731,126.79625000068376,283.17810957953463,2206.468977370465,119.02209311678106,191.70500000004176,1759.0926059087747,539.0,0.5,1310.080000000002,0.0,201.4873520561253,42.5,489.867152335456,57.5,0.0,0.0,0.0,0.0,0.0,0.0,0.0,0.0,0.0,1491300.5000000002
xPBudget_bl_1_4-MODS4,1,HT045,KOM930,1336.6601340764978,130.78450000067744,307.56677222949673,2270.121064643446,119.33091447799245,197.5316666666981,1819.7749454011812,495.0,0.0,1177.6000000000017,0.0,201.48735205612516,42.5,489.86715233545686,54.0,0.0,0.0,0.0,0.0,0.0,0.0,0.0,0.0,0.0,1536631.9799999997
xPBudget_bl_1_4-MODS4,1,HT201,KOM980,1454.9308380054852,129.53249999999343,365.2965358941069,2342.8362462574187,119.91207790418109,224.58333333329773,1853.5722678191128,543.75,0.0,860.0,0.0,199.68157476618836,42.5,423.80534811821195,63.0,0.0,0.0,0.0,0.0,0.0,0.0,0.0,0.0,0.0,2001238.8899999997
xPBudget_bl_1_4-MODS4,1,HT202,KOM980,1379.0131489502078,125.63749999997134,341.4787473800479,2282.247616984795,124.74841451721312,217.9999999999961,1795.1263995362501,580.5,0.5,1042.75,0.0,199.40803836239914,42.5,423.22078901736006,57.0,0.0,0.0,0.0,0.0,0.0,0.0,0.0,0.0,0.0,1939729.1499999994
xPBudget_bl_1_4-MODS4,1,HT203,KOM980,1439.6594511578874,126.32624999999939,343.95150399439416,2303.805688821245,109.59065521247224,218.8750000000315,1816.1435365797975,602.0,0.0,935.25,0.0,199.68157476618845,42.5,423.8053481182124,73.0,0.0,0.0,0.0,0.0,0.0,0.0,0.0,0.0,0.0,1946840.0799999998
xPBudget_bl_1_4-MODS4,1,HT204,KOM980,1462.671191749695,126.61125000001117,328.0085187384292,2298.3721769589206,125.69276734572675,219.37500000000276,1816.0461263322004,572.5,0.0,946.0,0.0,199.68157476618845,42.5,423.8053481182124,60.5,0.0,0.0,0.0,0.0,0.0,0.0,0.0,0.0,0.0,1951051.5000000002
xPBudget_bl_1_4-MODS4,1,HT205,KOM980,1515.5190588665616,126.82500000000533,306.7858866005597,2295.813068103328,120.73913135011634,220.41666666666885,1808.3428672742348,546.5,1.0,946.0,0.0,199.68157476618842,42.5,423.5130685677856,57.0,0.0,0.0,0.0,0.0,0.0,0.0,0.0,0.0,0.0,1964258.1500000001
xPBudget_bl_1_4-MODS4,1,HT206,KOM980,1396.7925457292251,130.1737499999826,407.7906604982535,2340.013059449179,123.76481051409598,225.62499999996146,1851.2063645327585,606.5,0.0,817.0,0.0,199.68157476618842,42.5,423.80534811821263,61.0,0.0,0.0,0.0,0.0,0.0,0.0,0.0,0.0,0.0,2009973.59
xPBudget_bl_1_4-MODS4,1,HT207,KOM980,1429.3517742985366,127.91749999996645,412.02589522981305,2353.167897192188,129.05540419672928,222.0833333333171,1834.8809723430566,575.0,1.0,817.0,0.0,199.68157476618836,42.5,423.80534811821286,57.0,0.0,0.0,0.0,0.0,0.0,0.0,0.0,0.0,0.0,1975780.1099999999
xPBudget_bl_1_4-MODS4,1,HT208,KOM980,1405.308344422935,124.71125000000285,344.93445149432245,2277.277143001711,111.66856209523853,216.37500000000972,1792.7694948499452,600.5,0.0,1032.0,0.0,199.68157476618836,42.5,423.8053481182119,61.5,0.0,0.0,0.0,0.0,0.0,0.0,0.0,0.0,0.0,1926510.1700000009
xPBudget_bl_1_4-MODS4,1,HT209,KOM980,1397.7198299282786,127.9412499999785,363.42493365434404,2326.123667948048,120.24057701792447,221.333333333363,1842.9926012730027,578.75,1.5,924.5,0.0,199.68157476618845,42.5,423.80534811821235,56.0,0.0,0.0,0.0,0.0,0.0,0.0,0.0,0.0,0.0,1969625.72
xPBudget_bl_1_4-MODS4,1,HT210,KOM980,1412.51956713176,128.22625000000022,388.11719722362113,2331.882241560009,126.09681944786826,222.5416666667199,1837.3240110280535,549.25,0.0,903.0,0.0,199.68157476618842,42.5,423.8053481182128,61.5,0.0,0.0,0.0,0.0,0.0,0.0,0.0,0.0,0.0,1978931.27
xPBudget_bl_1_4-MODS4,1,HT211,KOM980,1478.6450826911146,125.09125000002855,370.96389219178724,2268.259282805701,122.37386944243505,216.79166666664966,1783.0991883620427,547.5,1.5,989.0,0.0,199.6815747661884,42.5,423.8053481182125,59.5,0.0,0.0,0.0,0.0,0.0,0.0,0.0,0.0,0.0,1927314.1100000008
xPBudget_bl_1_4-MODS4,1,HT212,KOM980,1353.6899734837614,127.87000000001129,337.0621074490491,2331.017848394786,120.14058227542117,221.4583333333025,1831.4772312988391,579.0,1.5,978.25,0.0,199.68157476618845,42.5,423.80534811821195,56.5,0.0,0.0,0.0,0.0,0.0,0.0,0.0,0.0,0.0,1970066.2400000002
xPBudget_bl_1_4-MODS4,1,HT213,KOM980,1398.4080984487273,124.49749999998444,383.3448611175761,2278.8150239269685,116.99999716727378,215.87500000004223,1788.5123952663703,583.5,1.5,989.0,0.0,199.68157476618842,42.5,423.8053481182128,63.0,0.0,0.0,0.0,0.0,0.0,0.0,0.0,0.0,0.0,1920241.46
xPBudget_bl_1_4-MODS4,1,HT214,KOM980,1411.826045417807,125.85124999999674,367.35249103629417,2301.5547999035853,125.27889706617195,218.16666666663437,1809.1794957346863,564.25,1.0,978.25,0.0,199.68157476618842,42.5,423.8053481182122,58.5,0.0,0.0,0.0,0.0,0.0,0.0,0.0,0.0,0.0,1942521.0699999996
xPBudget_bl_1_4-MODS4,1,HT215,KOM980,1401.8950976635033,127.27625000000978,339.2600334918868,2306.766440700624,118.0516083918814,220.208333333367,1813.581781834168,564.75,0.0,1010.5,0.0,199.68157476618842,42.5,423.80534811821275,59.0,0.0,0.0,0.0,0.0,0.0,0.0,0.0,0.0,0.0,1961030.3799999994
xPBudget_bl_1_4-MODS4,1,HT216,KOM980,1346.2611001298392,126.04124999997714,353.68576777480246,2291.5260509982572,116.39683146225597,218.37499999999943,1808.410305976347,548.75,0.5,1075.0,0.0,199.68157476618845,42.5,423.80534811821195,56.0,0.0,0.0,0.0,0.0,0.0,0.0,0.0,0.0,0.0,1942532.6299999992
xPBudget_bl_1_4-MODS4,1,HT217,KOM980,1462.4166887389933,126.96749999997334,315.29336917340265,2299.086050910084,119.33845667623896,219.5416666667069,1806.8750609211186,539.75,1.5,956.75,0.0,199.68157476618845,42.5,423.8053481182126,69.0,0.0,0.0,0.0,0.0,0.0,0.0,0.0,0.0,0.0,1955811.0900000003
xPBudget_bl_1_4-MODS4,1,HT218,KOM980,1470.2938942874387,127.51375000000607,386.2292474825665,2340.6220325881613,120.96546133623697,220.87499999999343,1829.2724423196375,569.25,0.5,806.25,0.0,199.6815747661884,42.5,423.513068567786,61.5,0.0,0.0,0.0,0.0,0.0,0.0,0.0,0.0,0.0,1964475.4100000006
xPBudget_bl_1_4-MODS4,1,HT219,KOM980,1329.7621740140412,127.65625000001023,428.15595996369234,2308.675034224706,119.37212954133794,221.0416666666174,1822.569801320475,565.75,1.5,967.5,0.0,199.68157476618845,42.5,423.8053481182124,68.5,0.0,0.0,0.0,0.0,0.0,0.0,0.0,0.0,0.0,1965570.66
xPBudget_bl_1_4-MODS4,1,HT220,KOM980,1423.7081549181994,128.2737499999633,316.570597018532,2351.039464256478,120.04929835679553,222.49999999997593,1843.7182300279583,499.5,0.5,999.75,0.0,199.68157476618845,42.49999999999999,423.8053481182124,54.0,0.0,0.0,0.0,0.0,0.0,0.0,0.0,0.0,0.0,1979959.49
xPBudget_bl_1_4-MODS4,1,HT221,KOM980,1398.969750375783,128.4875000000102,321.67976834527974,2328.8007606576166,128.22934833591637,223.125000000042,1835.6737606139682,573.25,1.0,967.5,0.0,199.68157476618845,42.5,423.80534811821275,58.0,0.0,0.0,0.0,0.0,0.0,0.0,0.0,0.0,0.0,1986290.11
xPBudget_bl_1_4-MODS4,1,HT222,KOM980,1389.00716149973,124.44999999994545,319.96360144711235,2275.381848470349,117.83944323336726,215.95833333334616,1786.9225119088371,595.0,0.5,1042.75,0.0,199.68157476618842,42.5,423.80534811821246,63.0,0.0,0.0,0.0,0.0,0.0,0.0,0.0,0.0,0.0,1923514.52
xPBudget_bl_1_4-MODS4,1,HT223,KOM980,1458.9682538200464,129.20000000000203,319.76654742373637,2354.2401581333143,122.25116210628183,223.7500000000003,1853.2952384251882,542.75,0.0,892.25,0.0,199.68157476618845,42.5,423.80534811821275,61.5,0.0,0.0,0.0,0.0,0.0,0.0,0.0,0.0,0.0,1991922.9300000004
xPBudget_bl_1_4-MODS4,1,HT224,KOM980,1471.7750761446175,128.08374999998156,362.9471481431702,2340.8602931520495,119.28118178933119,221.66666666665552,1830.910236865595,552.0,1.0,849.25,0.0,199.68157476618842,42.5,423.8053481182127,62.5,0.0,0.0,0.0,0.0,0.0,0.0,0.0,0.0,0.0,1976480.9599999993
xPBudget_bl_1_4-MODS4,1,HT225,KOM980,1409.6795924080034,129.22374999999204,356.50153296640053,2363.794972431813,117.56043021382105,223.37499999998306,1849.3851725611623,569.0,0.5,881.5,0.0,199.68157476618842,42.5,423.80534811821224,60.0,0.0,0.0,0.0,0.0,0.0,0.0,0.0,0.0,0.0,1987192.5599999996
xPBudget_bl_1_4-MODS4,1,HT226,KOM980,1459.6351946135774,123.80874999998645,321.17408723355834,2261.385366944546,122.31862428013878,214.29166666665444,1767.6202391098973,509.75,0.0,1107.25,0.0,199.68157476618842,42.5,423.8053481182119,61.0,0.0,0.0,0.0,0.0,0.0,0.0,0.0,0.0,0.0,1907943.5999999996
xPBudget_bl_1_4-MODS4,1,HT227,KOM980,1402.49933316102,126.94375000000366,400.6786444250768,2308.956770127472,122.00727580168521,220.16666666667615,1809.9192337706604,548.0,0.0,946.0,0.0,199.68157476618842,42.5,423.80534811821207,62.5,0.0,0.0,0.0,0.0,0.0,0.0,0.0,0.0,0.0,1959822.9199999997
xPBudget_bl_1_4-MODS4,1,HT228,KOM980,1437.256245691072,126.01750000005082,326.1091519842463,2292.0704641096036,117.84241243687083,217.99999999998667,1803.5754451694593,588.75,1.0,967.5,0.0,199.68157476618842,42.5,423.8053481182124,54.0,0.0,0.0,0.0,0.0,0.0,0.0,0.0,0.0,0.0,1939260.7100000004
xPBudget_bl_1_4-MODS4,1,HT229,KOM980,1508.7503087572197,128.41624999999289,333.7628636644548,2327.52148397867,124.96979556238975,222.91666666660868,1839.9684712096612,502.75,1.0,903.0,0.0,199.68157476618842,42.5,423.80534811821224,63.5,0.0,0.0,0.0,0.0,0.0,0.0,0.0,0.0,0.0,1984921.0200000003
xPBudget_bl_1_4-MODS4,1,HT230,KOM980,1415.0362870141557,129.95999999994385,350.4336883283609,2378.651793999945,123.95007165373121,225.33333333329392,1859.4592920089526,515.5,1.5,892.25,0.0,199.68157476618842,42.5,423.80534811821275,64.0,0.0,0.0,0.0,0.0,0.0,0.0,0.0,0.0,0.0,2003031.5100000012
xPBudget_bl_1_4-MODS4,1,HT231,KOM980,1454.1029448045779,127.39499999996231,345.5998208569235,2298.4520950669835,123.79932583579077,220.9999999999783,1818.8197911446896,522.5,1.0,989.0,0.0,199.6815747661884,42.5,423.8053481182121,63.0,0.0,0.0,0.0,0.0,0.0,0.0,0.0,0.0,0.0,1967737.2999999996
xPBudget_bl_1_4-MODS4,1,HT232,KOM980,1413.3030794674773,131.0524999999811,366.85354751350144,2391.9766436414666,121.96452908799606,227.45833333333837,1886.0344204264945,569.5,1.5,774.0,0.0,199.68157476618845,42.5,423.80534811821275,69.5,0.0,0.0,0.0,0.0,0.0,0.0,0.0,0.0,0.0,2027564.9999999998
xPBudget_bl_1_4-MODS4,1,HT233,KOM980,1390.087291747037,126.8724999999925,345.99259610395166,2301.598402813495,119.42838528004557,219.45833333332513,1810.5341664073226,559.0,1.5,999.75,0.0,199.6815747661884,42.49999999999999,423.8053481182124,61.0,0.0,0.0,0.0,0.0,0.0,0.0,0.0,0.0,0.0,1953517.0900000003
xPBudget_bl_1_4-MODS4,1,HT234,KOM980,1380.2660476614726,126.63500000000408,389.81704646571995,2304.733877508588,124.90109624153774,219.45833333330128,1817.1533023435009,558.0,1.5,978.25,0.0,199.6815747661884,42.5,423.8053481182128,62.5,0.0,0.0,0.0,0.0,0.0,0.0,0.0,0.0,0.0,1954812.1900000004
xPBudget_bl_1_4-MODS4,1,HT235,KOM980,1415.3689479419606,124.23624999999765,389.84452426787635,2265.3567868442988,120.61291057995227,214.9166666666718,1781.9042101469759,582.25,1.0,1010.5,0.0,199.68157476618842,42.5,423.80534811821224,57.5,0.0,0.0,0.0,0.0,0.0,0.0,0.0,0.0,0.0,1909821.3699999996
xPBudget_bl_1_4-MODS4,1,HT236,KOM980,1481.395093094547,128.44000000001793,375.90351779340574,2331.736304475362,131.30386749960059,222.5833333333308,1825.665522854847,538.0,0.0,849.25,0.0,199.6815747661884,42.5,423.80534811821263,58.5,0.0,0.0,0.0,0.0,0.0,0.0,0.0,0.0,0.0,1979936.829999999
xPBudget_bl_1_4-MODS4,1,HT237,KOM980,1398.0174770425642,130.00749999999866,340.09975804335494,2378.0122276190623,126.23880730280271,225.16666666663292,1863.9951095077151,533.25,0.5,892.25,0.0,199.68157476618842,42.5,423.8053481182124,56.0,0.0,0.0,0.0,0.0,0.0,0.0,0.0,0.0,0.0,2001625.7699999993
xPBudget_bl_1_4-MODS4,1,HT238,KOM980,1469.102264494403,125.25750000001466,333.78405669586095,2254.270284086362,121.65411057368331,217.29166666667825,1783.5403361339277,585.25,1.0,1010.5,0.0,199.68157476618842,42.49999999999977,423.80534811821246,56.5,0.0,0.0,0.0,0.0,0.0,0.0,0.0,0.0,0.0,1933229.23
xPBudget_bl_1_4-MODS4,1,HT239,KOM980,1377.3100575746867,126.0887499999858,346.382337693188,2303.1667524785344,128.17031129168478,218.9166666666908,1812.4482288059257,516.25,0.0,1064.25,0.0,199.68157476618845,42.5,423.80534811821246,55.5,0.0,0.0,0.0,0.0,0.0,0.0,0.0,0.0,0.0,1946516.4100000004
xPBudget_bl_1_4-MODS4,1,HT240,KOM980,1396.1529410334797,128.81999999996884,437.2930165352217,2319.712317517136,127.78772956544083,223.1666666666618,1826.4956041637522,516.75,1.0,924.5,0.0,199.68157476618845,42.5,423.8053481182123,59.5,0.0,0.0,0.0,0.0,0.0,0.0,0.0,0.0,0.0,1984143.3199999994
xPBudget_bl_1_4-MODS4,1,HT241,KOM980,1450.6371509542303,125.70875000004573,372.15941240417453,2292.5443655477725,116.58703295764545,217.83333333331655,1802.994325920362,546.0,0.5,967.5,0.0,199.68157476618845,42.5,423.80534811821286,54.5,0.0,0.0,0.0,0.0,0.0,0.0,0.0,0.0,0.0,1938610.7000000004
xPBudget_bl_1_4-MODS4,1,HT242,KOM980,1493.0831793348875,130.76749999998708,346.466393857252,2383.9956749630032,129.51494797838552,226.9999999999741,1884.056035144657,539.75,1.0,720.25,0.0,199.68157476618836,42.5,423.5130685677861,62.0,0.0,0.0,0.0,0.0,0.0,0.0,0.0,0.0,0.0,2020312.97
xPBudget_bl_1_4-MODS4,1,HT243,KOM980,1473.3872211771964,127.51374999998454,359.6733339666604,2344.594155331882,116.86848600009418,221.00000000001745,1850.730868843467,576.5,0.5,806.25,0.0,199.68157476618842,42.5,423.80534811821303,63.0,0.0,0.0,0.0,0.0,0.0,0.0,0.0,0.0,0.0,1969762.0099999993
xPBudget_bl_1_4-MODS4,1,HT244,KOM980,1378.0790209878676,126.56374999995631,368.21695747102217,2306.1021612433915,111.5289932181347,219.12499999997277,1820.6616122455048,580.0,0.0,989.0,0.0,199.68157476618842,42.5,423.8053481182127,59.0,0.0,0.0,0.0,0.0,0.0,0.0,0.0,0.0,0.0,1949230.7999999998
xPBudget_bl_1_4-MODS4,1,HT245,KOM980,1366.4410396875978,128.51124999999132,366.515633646108,2347.3619624333546,116.94240473612903,222.5833333333588,1849.6918200116565,570.5,0.0,913.75,0.0,199.68157476618845,42.5,423.8053481182124,62.0,0.0,0.0,0.0,0.0,0.0,0.0,0.0,0.0,0.0,1980507.6
xPBudget_bl_1_4-MODS4,1,HT246,KOM980,1408.867354800593,125.44750000001895,394.60142319681876,2275.3931623304893,120.54186525320893,217.3749999999532,1799.9282683278757,578.75,1.0,967.5,0.0,199.6815747661884,42.5,423.8053481182128,62.5,0.0,0.0,0.0,0.0,0.0,0.0,0.0,0.0,0.0,1935421.5300000007
xPBudget_bl_1_4-MODS4,1,HT247,KOM980,1384.9510623558217,124.73500000000749,347.4028666424109,2270.1677837909933,123.52354975178558,216.70833333333522,1783.9278879750705,529.5,0.0,1118.0,0.0,199.68157476618842,42.49999999999977,423.8053481182128,60.5,0.0,0.0,0.0,0.0,0.0,0.0,0.0,0.0,0.0,1925796.4499999997
xPBudget_bl_1_4-MODS4,1,HT248,KOM980,1383.1079998450014,124.23624999994189,363.6185436539969,2266.5623950453246,117.25212728119631,215.6666666666396,1778.9223745323484,599.5,0.5,1032.0,0.0,199.6815747661884,42.5,423.8053481182122,63.0,0.0,0.0,0.0,0.0,0.0,0.0,0.0,0.0,0.0,1920500.3099999998
xPBudget_bl_1_4-MODS4,1,HT249,KOM980,1382.938858303764,128.17874999999924,402.8070246928361,2315.0090309453894,123.8183562737866,221.54166666664486,1811.5496509976392,571.0,0.5,935.25,0.0,199.68157476618842,42.5,423.80534811821207,66.0,0.0,0.0,0.0,0.0,0.0,0.0,0.0,0.0,0.0,1969053.3199999998
xPBudget_bl_1_4-MODS4,1,HT250,KOM980,1435.4541286184917,128.72499999998138,355.0557261309199,2346.798617411864,129.1430904271901,222.7916666666899,1843.4776209985148,570.25,0.5,849.25,0.0,199.68157476618845,42.5,423.80534811821315,59.0,0.0,0.0,0.0,0.0,0.0,0.0,0.0,0.0,0.0,1981167.3099999998
xPBudget_bl_1_4-MODS4,1,HT251,KOM980,1399.9750408669865,127.37125000002119,358.49266709719933,2308.9296771919485,119.35416904052698,220.9999999999859,1820.745539864281,575.25,1.0,967.5,0.0,199.68157476618842,42.5,423.8053481182124,61.0,0.0,0.0,0.0,0.0,0.0,0.0,0.0,0.0,0.0,1969712.33
xPBudget_bl_1_4-MODS4,1,HT252,KOM980,1375.728631583253,127.34750000000918,356.6141599333098,2337.505610540194,121.27425622509153,220.95833333336566,1831.8870099415235,553.25,0.5,967.5,0.0,199.40803836239914,42.5,423.22078901735955,59.5,0.0,0.0,0.0,0.0,0.0,0.0,0.0,0.0,0.0,1967773.9100000001
xPBudget_bl_1_4-MODS4,1,HT253,KOM980,1462.6059685801092,126.51625000000159,374.42168028703406,2302.9726891382043,118.9297721802714,219.2500000000082,1808.3935248163548,521.75,0.0,956.75,0.0,199.68157476618842,42.5,423.80534811821207,63.5,0.0,0.0,0.0,0.0,0.0,0.0,0.0,0.0,0.0,1947989.6100000008
xPBudget_bl_1_4-MODS4,1,HT254,KOM980,1401.0113039869218,127.5612500000052,332.9223076013534,2320.5185177240214,120.7665257106863,221.0416666666661,1838.978251821957,586.75,0.0,935.25,0.0,199.68157476618845,42.5,423.80534811821207,65.0,0.0,0.0,0.0,0.0,0.0,0.0,0.0,0.0,0.0,1968352.7399999995
xPBudget_bl_1_4-MODS4,1,HT255,KOM980,1428.3868373097666,125.51874999998138,301.03449979410397,2294.793930566756,119.24132364935807,217.08333333329023,1805.7748999901032,573.0,0.0,1032.0,0.0,199.68157476618845,42.5,423.80534811821263,62.0,0.0,0.0,0.0,0.0,0.0,0.0,0.0,0.0,0.0,1928814.9
xPBudget_bl_1_4-MODS4,1,HT256,KOM980,1376.6006358468426,124.52124999999272,438.0996431668833,2274.0183259645664,114.90971916019774,215.99999999995123,1790.1839884799952,546.5,1.5,1010.5,0.0,199.6815747661884,42.5,423.80534811821184,58.0,0.0,0.0,0.0,0.0,0.0,0.0,0.0,0.0,0.0,1923948.1299999994
xPBudget_bl_1_4-MODS4,1,HT257,KOM980,1395.0433699333382,122.64499999996384,388.8164739861799,2247.959141489853,113.69096740463415,213.0000000000374,1763.7261454235972,583.5,0.5,1075.0,0.0,199.68157476618842,42.5,423.80534811821195,58.5,0.0,0.0,0.0,0.0,0.0,0.0,0.0,0.0,0.0,1893535.51
xPBudget_bl_1_4-MODS4,1,HT258,KOM980,1434.3808541436856,126.73000000003744,339.454941559266,2302.568703421315,122.20688774542842,219.12499999997235,1819.8448825074533,517.0,0.5,1021.25,0.0,199.68157476618842,42.5,423.8053481182127,52.5,0.0,0.0,0.0,0.0,0.0,0.0,0.0,0.0,0.0,1950089.2299999997
xPBudget_bl_1_4-MODS4,1,HT259,KOM980,1490.2903667518285,125.61375000001507,313.55575030582105,2286.7890496015707,114.28857706060327,217.7083333333258,1804.650959520472,598.5,0.5,946.0,0.0,199.6815747661884,42.5,423.8053481182131,64.5,0.0,0.0,0.0,0.0,0.0,0.0,0.0,0.0,0.0,1932664.7499999998
xPBudget_bl_1_4-MODS4,1,HT260,KOM980,1369.001324786968,125.99375000000973,343.2896479087308,2326.529306170597,119.47034373093014,218.45833333334122,1827.6030928889018,533.0,0.0,1032.0,0.0,199.68157476618845,42.5,423.80534811821263,58.5,0.0,0.0,0.0,0.0,0.0,0.0,0.0,0.0,0.0,1943767.8299999996
xPBudget_bl_1_4-MODS4,1,HT261,KOM980,1385.852585324316,125.8512500000105,320.56661533041057,2297.235611782145,113.13252573327584,218.25000000001262,1802.461111016843,542.0,1.0,1085.75,0.0,199.68157476618845,42.5,423.8053481182123,52.0,0.0,0.0,0.0,0.0,0.0,0.0,0.0,0.0,0.0,1942121.3000000005
xPBudget_bl_1_4-MODS4,1,HT262,KOM980,1472.0673674296645,128.29750000000197,342.89276021660834,2347.5055603989686,117.29821583710927,221.8750000000199,1842.3243438378745,497.0,0.0,924.5,0.0,199.68157476618842,42.5,423.805348118212,65.0,0.0,0.0,0.0,0.0,0.0,0.0,0.0,0.0,0.0,1974086.5199999998
xPBudget_bl_1_4-MODS4,1,HT263,KOM980,1350.3468723922283,121.88500000001233,340.9393498131873,2203.618914236057,119.63636804998175,211.25000000003698,1736.6478746179112,581.75,0.0,1225.5,0.0,199.68157476618845,42.5,423.80534811821286,57.0,0.0,0.0,0.0,0.0,0.0,0.0,0.0,0.0,0.0,1877893.7999999998
xPBudget_bl_1_4-MODS4,1,HT264,KOM980,1446.5003288893577,127.58500000000481,360.17543632170293,2341.2984602485035,117.36518508499886,221.12499999997965,1837.858002807259,552.5,1.5,870.75,0.0,199.68157476618842,42.5,423.80534811821224,63.0,0.0,0.0,0.0,0.0,0.0,0.0,0.0,0.0,0.0,1968083.86
xPBudget_bl_1_4-MODS4,1,HT265,KOM980,1406.9565142274337,130.17374999996508,332.6993636109654,2335.425879826927,126.96351552241181,225.9166666666403,1848.8309263034882,616.5,0.5,860.0,0.0,199.68157476618845,42.5,423.8053481182131,69.5,0.0,0.0,0.0,0.0,0.0,0.0,0.0,0.0,0.0,2014605.1900000002
xPBudget_bl_1_4-MODS4,1,HT266,KOM980,1392.7145868800217,124.8537499999911,329.56633261065053,2291.0240625591287,121.81473776414754,216.33333333332376,1795.6080191762815,562.0,0.0,1064.25,0.0,199.68157476618842,42.5,423.80534811821275,68.5,0.0,0.0,0.0,0.0,0.0,0.0,0.0,0.0,0.0,1927821.4199999997
xPBudget_bl_1_4-MODS4,1,HT267,KOM980,1497.9947493800266,126.7299999999887,337.3981331155706,2317.684046933663,118.30589765795608,219.95833333330268,1826.8289816651245,510.25,1.0,946.0,0.0,199.6815747661884,42.5,423.8053481182127,57.0,0.0,0.0,0.0,0.0,0.0,0.0,0.0,0.0,0.0,1954682.7300000007
xPBudget_bl_1_4-MODS4,1,HT268,KOM980,1374.4669765945105,130.00750000002068,336.78471987169894,2375.536104950641,125.46021440552896,225.25000000001504,1864.1611042466948,533.25,1.5,924.5,0.0,199.68157476618842,42.5,423.8053481182122,70.5,0.0,0.0,0.0,0.0,0.0,0.0,0.0,0.0,0.0,2004921.2000000004
xPBudget_bl_1_4-MODS4,1,HT269,KOM980,1437.948348123388,126.39750000001823,345.8935326009206,2276.8993519522637,121.22150763116701,218.9583333333165,1803.2299414008064,562.75,1.0,1010.5,0.0,199.68157476618842,42.5,423.8053481182124,59.0,0.0,0.0,0.0,0.0,0.0,0.0,0.0,0.0,0.0,1952320.399999999
xPBudget_bl_1_4-MODS4,1,HT270,KOM980,1460.7816714794335,128.77250000001067,371.1449739906776,2351.821415306747,115.3645129559404,223.45833333333434,1845.6506834981085,560.0,1.0,838.5,0.0,199.68157476618842,42.5,423.80534811821275,60.0,0.0,0.0,0.0,0.0,0.0,0.0,0.0,0.0,0.0,1985331.3700000003
xPBudget_bl_1_4-MODS4,1,HT271,KOM980,1364.5897718474166,128.01250000002025,318.1700089646596,2369.444737270027,123.78813502439701,222.1666666666683,1854.2661368385207,574.5,1.0,924.5,0.0,199.68157476618842,42.5,423.8053481182121,61.5,0.0,0.0,0.0,0.0,0.0,0.0,0.0,0.0,0.0,1979179.5700000003
xPBudget_bl_1_4-MODS4,1,HT272,KOM980,1426.1592171351294,125.82749999999604,367.1709637458389,2298.4669147720706,112.26631204355678,217.95833333332735,1802.7325892272092,595.25,0.0,924.5,0.0,199.68157476618845,42.5,423.8053481182122,62.5,0.0,0.0,0.0,0.0,0.0,0.0,0.0,0.0,0.0,1943226.6299999992
xPBudget_bl_1_4-MODS4,1,HT273,KOM980,1502.7574353528921,127.58499999999525,344.38860749115196,2327.5866213398795,123.23260626359684,221.0416666666507,1827.2563431983306,528.75,1.5,903.0,0.0,199.68157476618842,42.5,423.805348118213,49.5,0.0,0.0,0.0,0.0,0.0,0.0,0.0,0.0,0.0,1965244.8700000003
xPBudget_bl_1_4-MODS4,1,HT274,KOM980,1385.0217702610757,123.21499999998412,349.8358163162984,2266.77386497447,119.71497517594469,213.58333333332354,1768.5428647005754,608.75,0.5,1032.0,0.0,199.68157476618845,42.5,423.80534811821263,71.0,0.0,0.0,0.0,0.0,0.0,0.0,0.0,0.0,0.0,1901089.0899999996
xPBudget_bl_1_4-MODS4,1,HT275,KOM980,1364.769646602509,128.9387500000257,404.74153133244255,2343.36972151963,122.64079524183543,223.58333333331765,1846.830537306023,593.5,1.0,838.5,0.0,199.68157476618842,42.5,423.8053481182131,57.5,0.0,0.0,0.0,0.0,0.0,0.0,0.0,0.0,0.0,1990116.7499999995
xPBudget_bl_1_4-MODS4,1,HT276,KOM980,1416.823739182124,126.70625000000592,333.5345208843737,2309.395007909825,117.13438040991292,219.62499999998158,1819.322621565656,551.25,1.0,1010.5,0.0,199.68157476618845,42.49999999999999,423.80534811821195,53.5,0.0,0.0,0.0,0.0,0.0,0.0,0.0,0.0,0.0,1956695.0299999993
xPBudget_bl_1_4-MODS4,1,HT277,KOM980,1394.8791309735207,125.6137500000234,386.6935209882954,2288.800366575809,115.27407301279418,217.2916666666939,1805.78815852649,515.75,1.0,1053.5,0.0,199.6815747661884,42.5,423.8053481182121,54.0,0.0,0.0,0.0,0.0,0.0,0.0,0.0,0.0,0.0,1932653.8699999999
xPBudget_bl_1_4-MODS4,1,HT278,KOM980,1410.3288146119762,126.30249999998301,366.3593436759832,2298.2298733234475,124.81474469409373,219.08333333331763,1806.0213558172145,560.75,1.5,989.0,0.0,199.68157476618845,42.5,423.8053481182129,60.5,0.0,0.0,0.0,0.0,0.0,0.0,0.0,0.0,0.0,1950243.0300000003
xPBudget_bl_1_4-MODS4,1,HT279,KOM980,1448.6792757268297,130.76749999997313,327.4888569799967,2370.873109002924,118.6323205363793,226.4166666666584,1871.4499247015287,565.5,0.0,795.5,0.0,199.68157476618842,42.5,423.8053481182129,59.0,0.0,0.0,0.0,0.0,0.0,0.0,0.0,0.0,0.0,2017174.2500000002
xPBudget_bl_1_4-MODS4,1,HT280,KOM980,1369.9892104328585,126.96749999994111,368.52875105386113,2294.22111929606,123.57404517343097,219.54166666668567,1811.0383303334372,546.25,1.5,1042.75,0.0,199.6815747661884,42.5,423.8053481182121,48.5,0.0,0.0,0.0,0.0,0.0,0.0,0.0,0.0,0.0,1953058.0999999999
xPBudget_bl_1_4-MODS4,1,HT281,KOM980,1393.452741555983,127.13375000000104,340.68575210271695,2339.844356287321,120.81219841658175,219.74999999998994,1834.1503457160927,504.5,1.0,1010.5,0.0,199.68157476618842,42.5,423.8053481182117,66.0,0.0,0.0,0.0,0.0,0.0,0.0,0.0,0.0,0.0,1953528.4900000012
xPBudget_bl_1_4-MODS4,1,HT282,KOM980,1417.312414546399,126.8012500000214,323.20091353095864,2308.2493244054376,112.08921155790247,220.08333333334446,1825.4493436525722,545.75,0.5,1021.25,0.0,199.68157476618845,42.5,423.80534811821207,60.5,0.0,0.0,0.0,0.0,0.0,0.0,0.0,0.0,0.0,1955865.9
xPBudget_bl_1_4-MODS4,1,HT283,KOM980,1440.5726257131876,128.5587500000364,365.5015842898283,2344.3688929571535,117.21137501910928,222.91666666668544,1846.7528264317968,527.5,0.5,903.0,0.0,199.68157476618845,42.5,423.8053481182131,64.5,0.0,0.0,0.0,0.0,0.0,0.0,0.0,0.0,0.0,1978161.92
xPBudget_bl_1_4-MODS4,1,HT301,CAT798,1420.5974687539376,129.67500000000373,356.8784371628699,2360.139138389348,126.90448546494753,224.37500000004388,1857.4806486129025,550.25,0.0,841.2799999999982,0.0,199.6815747661884,42.5,423.2207890173599,60.0,0.0,0.0,0.0,0.0,0.0,0.0,0.0,0.0,0.0,1997109.9400000006
xPBudget_bl_1_4-MODS4,1,HT302,CAT798,1403.3115278158969,125.58999999999035,374.8781629588702,2296.2071615223554,121.64659054712854,217.58333333335807,1805.161331970829,585.0,0.5,917.7599999999977,0.0,199.6815747661884,42.5,423.8053481182122,61.0,0.0,0.0,0.0,0.0,0.0,0.0,0.0,0.0,0.0,1937242.4399999997
xPBudget_bl_1_4-MODS4,1,HT303,CAT798,1422.3109259667563,126.58749999997312,400.81392373640955,2275.34042164031,132.57090519037322,219.37499999999125,1800.3270175779166,545.5,0.5,984.6799999999973,0.0,199.68157476618836,42.5,423.8053481182125,54.0,0.0,0.0,0.0,0.0,0.0,0.0,0.0,0.0,0.0,1951086.86
xPBudget_bl_1_4-MODS4,1,HT304,CAT798,1424.9273574234285,129.62750000000693,359.8780460566942,2368.216569003253,110.97320056983455,224.49999999999432,1841.679433377466,577.75,0.5,850.8399999999981,0.0,199.68157476618842,42.5,423.80534811821286,60.0,0.0,0.0,0.0,0.0,0.0,0.0,0.0,0.0,0.0,1994957.5299999993
xPBudget_bl_1_4-MODS4,1,HT305,CAT798,1519.387247476053,128.1312499999932,359.18111854715846,2352.308494409335,123.96656440106861,222.208333333378,1843.3182471607179,566.0,0.5,745.6799999999987,0.0,199.6815747661884,42.5,423.80534811821275,66.0,0.0,0.0,0.0,0.0,0.0,0.0,0.0,0.0,0.0,1975064.1200000008
xPBudget_bl_1_4-MODS4,1,HT306,CAT798,1377.4908845186708,130.53000000001396,343.9477597824027,2383.240584800978,126.06361770849168,226.5833333333336,1875.7483208553058,581.0,1.0,841.2799999999982,0.0,199.68157476618842,42.5,423.8053481182127,69.5,0.0,0.0,0.0,0.0,0.0,0.0,0.0,0.0,0.0,2018461.3999999997
xPBudget_bl_1_4-MODS4,1,HT307,CAT798,1483.5166279002794,129.31874999997103,337.29634267837537,2366.9941823249933,125.19085460767596,224.08333333332243,1850.8492611548832,595.0,0.5,774.3599999999985,0.0,199.68157476618842,42.5,423.22078901735995,65.5,0.0,0.0,0.0,0.0,0.0,0.0,0.0,0.0,0.0,1994219.6300000001
xPBudget_bl_1_4-MODS4,1,HT308,CAT798,1459.023580869978,125.32875000001329,363.7276403241128,2272.7143682979495,122.86238481957002,216.874999999956,1786.1915104918264,546.0,0.5,975.1199999999974,0.0,199.6815747661884,42.5,423.80534811821207,63.5,0.0,0.0,0.0,0.0,0.0,0.0,0.0,0.0,0.0,1931942.260000001
xPBudget_bl_1_4-MODS4,1,HT309,CAT798,1524.1997559357935,127.58499999998813,376.5142015059549,2319.302943835832,126.28556033797884,220.54166666666399,1816.5025786191545,596.5,1.0,774.3599999999985,0.0,199.4080383623991,42.5,423.22078901736063,51.5,0.0,0.0,0.0,0.0,0.0,0.0,0.0,0.0,0.0,1964288.6500000001
xPBudget_bl_1_4-MODS4,1,HT310,CAT798,1511.5438027113603,127.13374999999128,320.6476496335241,2324.1544502968895,116.4738955814335,220.2916666666424,1834.3972703477427,523.0,1.0,898.6399999999978,0.0,199.68157476618836,42.5,423.8053481182126,59.0,0.0,0.0,0.0,0.0,0.0,0.0,0.0,0.0,0.0,1956098.5800000005
xPBudget_bl_1_4-MODS4,1,HT311,CAT798,1497.6695648867556,129.98375000000493,372.41902234415477,2388.0972119489197,118.37773797631561,225.00000000002277,1883.8770521171678,602.25,0.5,669.1999999999991,0.0,199.68157476618836,42.5,423.8053481182127,57.0,0.0,0.0,0.0,0.0,0.0,0.0,0.0,0.0,0.0,2002944.7100000002
xPBudget_bl_1_4-MODS4,1,HT312,CAT798,1499.590988927275,128.32124999998143,370.60868883762134,2358.8318078887287,121.33552088236308,222.91666666661646,1861.7907661848203,568.75,1.0,755.2399999999986,0.0,199.68157476618842,42.5,423.805348118213,58.5,0.0,0.0,0.0,0.0,0.0,0.0,0.0,0.0,0.0,1979759.3300000003
xPBudget_bl_1_4-MODS4,1,HT313,CAT798,1374.5396415588657,127.34749999996811,358.6318902853866,2325.5366833440644,118.6138833202882,220.70833333334198,1842.589746541396,618.25,1.0,917.7599999999977,0.0,199.6815747661884,42.5,423.80534811821303,59.5,0.0,0.0,0.0,0.0,0.0,0.0,0.0,0.0,0.0,1964208.8899999997
xPBudget_bl_1_4-MODS4,1,HT314,CAT798,1473.0506369985055,129.3187499999999,343.6917211914811,2367.5905724401186,128.85003642178933,223.999999999974,1865.284880864322,535.0,0.0,831.7199999999982,0.0,199.68157476618842,42.5,423.8053481182125,62.0,0.0,0.0,0.0,0.0,0.0,0.0,0.0,0.0,0.0,1990981.0800000003
xPBudget_bl_1_4-MODS4,1,HT315,CAT798,1427.1453222067023,127.75124999998113,361.6433352091273,2332.917922595391,128.09845871397147,221.54166666665452,1830.0166285008086,539.75,2.0,936.8799999999976,0.0,199.68157476618842,42.5,423.80534811821246,58.5,0.0,0.0,0.0,0.0,0.0,0.0,0.0,0.0,0.0,1970945.6699999995
xPBudget_bl_1_4-MODS4,1,HT316,CAT798,1454.8253647477827,127.25249999999801,354.8100583463283,2319.3960903588745,120.43751901798916,220.58333333342495,1816.0094433918425,522.0,1.5,955.9999999999975,0.0,199.68157476618845,42.5,423.80534811821303,58.0,0.0,0.0,0.0,0.0,0.0,0.0,0.0,0.0,0.0,1963734.16
xPBudget_bl_1_4-MODS4,1,HT317,CAT798,1410.182512028227,129.86500000000146,362.1722476336113,2358.331854491782,121.7172528435557,224.7916666666704,1850.0093935375858,573.0,1.0,841.2799999999982,0.0,199.68157476618845,42.5,423.8053481182131,55.5,0.0,0.0,0.0,0.0,0.0,0.0,0.0,0.0,0.0,2001054.8
xPBudget_bl_1_4-MODS4,1,HT318,CAT798,1486.0215563025504,130.93375000002564,407.1641083934068,2384.054888859077,110.01824352826749,227.58333333332735,1873.2494172863626,604.0,1.0,669.1999999999991,0.0,199.68157476618842,42.5,423.8053481182134,58.5,0.0,0.0,0.0,0.0,0.0,0.0,0.0,0.0,0.0,2025475.3499999999
xPBudget_bl_1_4-MODS4,1,HT319,CAT798,1418.4363396125636,129.1762499999603,375.68803596999373,2345.201336486026,128.59049720123383,223.33333333334306,1845.7876262706964,572.5,1.5,831.7199999999982,0.0,199.68157476618842,42.5,423.2207890173603,64.5,0.0,0.0,0.0,0.0,0.0,0.0,0.0,0.0,0.0,1985800.5600000005
xPBudget_bl_1_4-MODS4,1,HT320,CAT798,1472.1121765069574,130.79125000002108,331.2562213788081,2367.5092756851686,132.8291203301354,226.87499999996805,1869.3731189559621,535.5,0.0,831.7199999999982,0.0,199.68157476618845,42.5,423.8053481182127,59.0,0.0,0.0,0.0,0.0,0.0,0.0,0.0,0.0,0.0,2019786.9100000004
xPBudget_bl_1_4-MODS4,1,HT321,CAT798,1412.6590008382848,126.70625000001651,464.4814935236092,2345.115634445138,110.93139729165375,219.70833333334713,1850.8853567626538,552.5,0.5,822.1599999999983,0.0,199.68157476618836,42.5,423.8053481182125,54.5,0.0,0.0,0.0,0.0,0.0,0.0,0.0,0.0,0.0,1953231.9800000002
xPBudget_bl_1_4-MODS4,1,HT322,CAT798,1497.0438911170463,130.9337500000334,321.9061173110973,2374.4007363023916,128.99869214111862,226.33333333330728,1881.384027235609,543.75,1.0,755.2399999999986,0.0,199.6815747661884,42.5,423.8053481182128,59.5,0.0,0.0,0.0,0.0,0.0,0.0,0.0,0.0,0.0,2012440.2399999998
xPBudget_bl_1_4-MODS4,1,HT323,CAT798,1498.887519733373,129.81749999998146,342.0323273796629,2325.160947686707,126.36283540603547,224.87500000002063,1841.955417636905,612.25,1.5,793.4799999999984,0.0,199.68157476618842,42.5,423.80534811821263,59.0,0.0,0.0,0.0,0.0,0.0,0.0,0.0,0.0,0.0,2002402.4100000004
xPBudget_bl_1_4-MODS4,1,HT324,CAT798,1475.5013072495901,128.0837500000307,378.2064574799217,2337.277077236023,120.47835708840051,221.79166666664293,1844.1768840066218,582.0,0.5,793.4799999999984,0.0,199.68157476618836,42.5,423.80534811821286,59.0,0.0,0.0,0.0,0.0,0.0,0.0,0.0,0.0,0.0,1972569.2600000005
xPBudget_bl_1_4-MODS4,1,HT325,CAT798,1493.4461169144465,129.74625000002192,389.7032335487364,2363.0456114432204,125.8982840364121,224.87500000001393,1860.9934507382618,606.5,0.5,697.879999999999,0.0,199.68157476618842,42.5,423.80534811821275,63.5,0.0,0.0,0.0,0.0,0.0,0.0,0.0,0.0,0.0,1999089.78
xPBudget_bl_1_4-MODS4,1,HT326,CAT798,1431.3486325579106,128.6062499999892,390.6569941602181,2360.1459037805453,117.55971591391176,222.8749999999826,1856.610023357252,558.5,1.0,831.7199999999982,0.0,199.68157476618845,42.5,423.8053481182126,60.5,0.0,0.0,0.0,0.0,0.0,0.0,0.0,0.0,0.0,1980597.28
xPBudget_bl_1_4-MODS4,1,HT327,CAT798,1421.6442880686016,128.9387500000104,301.63563027425283,2372.1639023341418,120.54731898137895,223.37499999999767,1868.8544352992326,581.5,1.0,841.2799999999982,0.0,199.68157476618845,42.5,423.80534811821303,65.0,0.0,0.0,0.0,0.0,0.0,0.0,0.0,0.0,0.0,1986740.5399999998
xPBudget_bl_1_4-MODS4,1,HT328,CAT798,1499.6864854131263,129.7700000000052,303.79985534239313,2403.76632017726,116.82915128577966,224.83333333337427,1893.9729291766002,613.5,0.0,707.4399999999989,0.0,199.68157476618845,42.5,423.8053481182131,62.5,0.0,0.0,0.0,0.0,0.0,0.0,0.0,0.0,0.0,1998764.12
xPBudget_bl_1_4-MODS4,1,HT329,CAT798,1469.7179550897417,129.08124999999535,393.6516644466917,2355.000916409462,118.22296853139628,224.0833333333125,1853.3322323363154,571.0,0.0,745.6799999999987,0.0,199.68157476618836,42.5,423.80534811821275,62.0,0.0,0.0,0.0,0.0,0.0,0.0,0.0,0.0,0.0,1995322.3100000003
xPBudget_bl_1_4-MODS4,1,HT330,CAT798,1418.4918604265285,129.27125000003275,363.63777872708505,2377.278678032303,122.75278624973821,224.12500000002814,1860.182387547711,565.0,0.5,831.7199999999982,0.0,199.68157476618842,42.5,423.8053481182124,60.5,0.0,0.0,0.0,0.0,0.0,0.0,0.0,0.0,0.0,1994613.2500000005
xPBudget_bl_1_4-MODS4,1,HT331,CAT798,1482.292702218791,128.41624999998152,356.6512663859743,2355.2850364053957,118.95490168498642,222.50000000000495,1861.329236407375,555.0,1.0,812.5999999999983,0.0,199.68157476618842,42.5,423.8053481182131,62.0,0.0,0.0,0.0,0.0,0.0,0.0,0.0,0.0,0.0,1980649.2500000007
xPBudget_bl_1_4-MODS4,1,HT332,CAT798,1422.1829942759878,130.69624999997637,377.6377900078414,2389.486623135318,129.93195317172965,226.6666666666699,1872.7704537811376,598.75,0.0,688.319999999999,0.0,199.68157476618833,42.5,423.80534811821263,58.5,0.0,0.0,0.0,0.0,0.0,0.0,0.0,0.0,0.0,2015583.2600000002
xPBudget_bl_1_4-MODS4,1,HT333,CAT798,1401.728087202646,127.29999999999518,345.8459636275058,2338.266635066743,126.17639430578282,220.58333333335992,1834.9162174883847,562.25,0.0,927.3199999999977,0.0,199.68157476618842,42.5,423.8053481182126,54.5,0.0,0.0,0.0,0.0,0.0,0.0,0.0,0.0,0.0,1961932.3199999998
xPBudget_bl_1_4-MODS4,1,HT334,CAT798,1475.5433183384184,130.00750000000025,317.7645191630853,2372.180274297675,120.67130907784559,225.29166666668834,1867.9613246791732,558.75,1.0,822.1599999999983,0.0,199.68157476618842,42.5,423.80534811821275,67.0,0.0,0.0,0.0,0.0,0.0,0.0,0.0,0.0,0.0,2007009.0899999996
xPBudget_bl_1_4-MODS4,1,HT335,CAT798,1430.8755016963955,127.10999999998242,333.05972360124304,2280.0412181222646,126.29027528795656,219.99999999997274,1801.0808627020053,625.5,0.5,946.4399999999976,0.0,199.68157476618842,42.5,423.80534811821275,62.0,0.0,0.0,0.0,0.0,0.0,0.0,0.0,0.0,0.0,1959771.5699999994
xPBudget_bl_1_4-MODS4,1,0,0,0.0,0.0,0.0,0.0,0.0,0.0,0.0,0.0,0.0,0.0,0.0,0.0,0.0,0.0,0.0,0.0,0.0,0.0,0.0,0.0,0.0,0.0,0.0,0.0,0.0
xPBudget_bl_1_4-MODS4,1,0,0,0.0,0.0,0.0,0.0,0.0,0.0,0.0,0.0,0.0,0.0,0.0,0.0,0.0,0.0,0.0,0.0,0.0,0.0,0.0,0.0,0.0,0.0,0.0,0.0,0.0
xPBudget_bl_1_4-MODS4,1,0,0,0.0,0.0,0.0,0.0,0.0,0.0,0.0,0.0,0.0,0.0,0.0,0.0,0.0,0.0,0.0,0.0,0.0,0.0,0.0,0.0,0.0,0.0,0.0,0.0,0.0
xPBudget_bl_1_4-MODS4,1,0,0,0.0,0.0,0.0,0.0,0.0,0.0,0.0,0.0,0.0,0.0,0.0,0.0,0.0,0.0,0.0,0.0,0.0,0.0,0.0,0.0,0.0,0.0,0.0,0.0,0.0
xPBudget_bl_1_4-MODS4,1,0,0,0.0,0.0,0.0,0.0,0.0,0.0,0.0,0.0,0.0,0.0,0.0,0.0,0.0,0.0,0.0,0.0,0.0,0.0,0.0,0.0,0.0,0.0,0.0,0.0,0.0
xPBudget_bl_1_4-MODS4,1,0,0,0.0,0.0,0.0,0.0,0.0,0.0,0.0,0.0,0.0,0.0,0.0,0.0,0.0,0.0,0.0,0.0,0.0,0.0,0.0,0.0,0.0,0.0,0.0,0.0,0.0
xPBudget_bl_1_4-MODS4,1,0,0,0.0,0.0,0.0,0.0,0.0,0.0,0.0,0.0,0.0,0.0,0.0,0.0,0.0,0.0,0.0,0.0,0.0,0.0,0.0,0.0,0.0,0.0,0.0,0.0,0.0
xPBudget_bl_1_4-MODS4,1,0,0,0.0,0.0,0.0,0.0,0.0,0.0,0.0,0.0,0.0,0.0,0.0,0.0,0.0,0.0,0.0,0.0,0.0,0.0,0.0,0.0,0.0,0.0,0.0,0.0,0.0
xPBudget_bl_1_4-MODS4,1,0,0,0.0,0.0,0.0,0.0,0.0,0.0,0.0,0.0,0.0,0.0,0.0,0.0,0.0,0.0,0.0,0.0,0.0,0.0,0.0,0.0,0.0,0.0,0.0,0.0,0.0
xPBudget_bl_1_4-MODS4,1,0,0,0.0,0.0,0.0,0.0,0.0,0.0,0.0,0.0,0.0,0.0,0.0,0.0,0.0,0.0,0.0,0.0,0.0,0.0,0.0,0.0,0.0,0.0,0.0,0.0,0.0
xPBudget_bl_1_4-MODS4,1,0,0,0.0,0.0,0.0,0.0,0.0,0.0,0.0,0.0,0.0,0.0,0.0,0.0,0.0,0.0,0.0,0.0,0.0,0.0,0.0,0.0,0.0,0.0,0.0,0.0,0.0
xPBudget_bl_1_4-MODS4,1,0,0,0.0,0.0,0.0,0.0,0.0,0.0,0.0,0.0,0.0,0.0,0.0,0.0,0.0,0.0,0.0,0.0,0.0,0.0,0.0,0.0,0.0,0.0,0.0,0.0,0.0
xPBudget_bl_1_4-MODS4,1,0,0,0.0,0.0,0.0,0.0,0.0,0.0,0.0,0.0,0.0,0.0,0.0,0.0,0.0,0.0,0.0,0.0,0.0,0.0,0.0,0.0,0.0,0.0,0.0,0.0,0.0
xPBudget_bl_1_4-MODS4,1,0,0,0.0,0.0,0.0,0.0,0.0,0.0,0.0,0.0,0.0,0.0,0.0,0.0,0.0,0.0,0.0,0.0,0.0,0.0,0.0,0.0,0.0,0.0,0.0,0.0,0.0
xPBudget_bl_1_4-MODS4,1,0,0,0.0,0.0,0.0,0.0,0.0,0.0,0.0,0.0,0.0,0.0,0.0,0.0,0.0,0.0,0.0,0.0,0.0,0.0,0.0,0.0,0.0,0.0,0.0,0.0,0.0
xPBudget_bl_1_4-MODS4,1,0,0,0.0,0.0,0.0,0.0,0.0,0.0,0.0,0.0,0.0,0.0,0.0,0.0,0.0,0.0,0.0,0.0,0.0,0.0,0.0,0.0,0.0,0.0,0.0,0.0,0.0
xPBudget_bl_1_4-MODS4,1,0,0,0.0,0.0,0.0,0.0,0.0,0.0,0.0,0.0,0.0,0.0,0.0,0.0,0.0,0.0,0.0,0.0,0.0,0.0,0.0,0.0,0.0,0.0,0.0,0.0,0.0
xPBudget_bl_1_4-MODS4,1,0,0,0.0,0.0,0.0,0.0,0.0,0.0,0.0,0.0,0.0,0.0,0.0,0.0,0.0,0.0,0.0,0.0,0.0,0.0,0.0,0.0,0.0,0.0,0.0,0.0,0.0
xPBudget_bl_1_4-MODS4,1,0,0,0.0,0.0,0.0,0.0,0.0,0.0,0.0,0.0,0.0,0.0,0.0,0.0,0.0,0.0,0.0,0.0,0.0,0.0,0.0,0.0,0.0,0.0,0.0,0.0,0.0
xPBudget_bl_1_4-MODS4,1,0,0,0.0,0.0,0.0,0.0,0.0,0.0,0.0,0.0,0.0,0.0,0.0,0.0,0.0,0.0,0.0,0.0,0.0,0.0,0.0,0.0,0.0,0.0,0.0,0.0,0.0
xPBudget_bl_1_4-MODS4,1,0,0,0.0,0.0,0.0,0.0,0.0,0.0,0.0,0.0,0.0,0.0,0.0,0.0,0.0,0.0,0.0,0.0,0.0,0.0,0.0,0.0,0.0,0.0,0.0,0.0,0.0
xPBudget_bl_1_4-MODS4,1,0,0,0.0,0.0,0.0,0.0,0.0,0.0,0.0,0.0,0.0,0.0,0.0,0.0,0.0,0.0,0.0,0.0,0.0,0.0,0.0,0.0,0.0,0.0,0.0,0.0,0.0
xPBudget_bl_1_4-MODS4,1,0,0,0.0,0.0,0.0,0.0,0.0,0.0,0.0,0.0,0.0,0.0,0.0,0.0,0.0,0.0,0.0,0.0,0.0,0.0,0.0,0.0,0.0,0.0,0.0,0.0,0.0
xPBudget_bl_1_4-MODS4,1,0,0,0.0,0.0,0.0,0.0,0.0,0.0,0.0,0.0,0.0,0.0,0.0,0.0,0.0,0.0,0.0,0.0,0.0,0.0,0.0,0.0,0.0,0.0,0.0,0.0,0.0
xPBudget_bl_1_4-MODS4,1,0,0,0.0,0.0,0.0,0.0,0.0,0.0,0.0,0.0,0.0,0.0,0.0,0.0,0.0,0.0,0.0,0.0,0.0,0.0,0.0,0.0,0.0,0.0,0.0,0.0,0.0
xPBudget_bl_1_4-MODS4,1,0,0,0.0,0.0,0.0,0.0,0.0,0.0,0.0,0.0,0.0,0.0,0.0,0.0,0.0,0.0,0.0,0.0,0.0,0.0,0.0,0.0,0.0,0.0,0.0,0.0,0.0
xPBudget_bl_1_4-MODS4,1,0,0,0.0,0.0,0.0,0.0,0.0,0.0,0.0,0.0,0.0,0.0,0.0,0.0,0.0,0.0,0.0,0.0,0.0,0.0,0.0,0.0,0.0,0.0,0.0,0.0,0.0
xPBudget_bl_1_4-MODS4,1,0,0,0.0,0.0,0.0,0.0,0.0,0.0,0.0,0.0,0.0,0.0,0.0,0.0,0.0,0.0,0.0,0.0,0.0,0.0,0.0,0.0,0.0,0.0,0.0,0.0,0.0
xPBudget_bl_1_4-MODS4,1,0,0,0.0,0.0,0.0,0.0,0.0,0.0,0.0,0.0,0.0,0.0,0.0,0.0,0.0,0.0,0.0,0.0,0.0,0.0,0.0,0.0,0.0,0.0,0.0,0.0,0.0
xPBudget_bl_1_4-MODS4,1,0,0,0.0,0.0,0.0,0.0,0.0,0.0,0.0,0.0,0.0,0.0,0.0,0.0,0.0,0.0,0.0,0.0,0.0,0.0,0.0,0.0,0.0,0.0,0.0,0.0,0.0
xPBudget_bl_1_4-MODS4,1,0,0,0.0,0.0,0.0,0.0,0.0,0.0,0.0,0.0,0.0,0.0,0.0,0.0,0.0,0.0,0.0,0.0,0.0,0.0,0.0,0.0,0.0,0.0,0.0,0.0,0.0
xPBudget_bl_1_4-MODS4,1,0,0,0.0,0.0,0.0,0.0,0.0,0.0,0.0,0.0,0.0,0.0,0.0,0.0,0.0,0.0,0.0,0.0,0.0,0.0,0.0,0.0,0.0,0.0,0.0,0.0,0.0
xPBudget_bl_1_4-MODS4,1,0,0,0.0,0.0,0.0,0.0,0.0,0.0,0.0,0.0,0.0,0.0,0.0,0.0,0.0,0.0,0.0,0.0,0.0,0.0,0.0,0.0,0.0,0.0,0.0,0.0,0.0
xPBudget_bl_1_4-MODS4,1,0,0,0.0,0.0,0.0,0.0,0.0,0.0,0.0,0.0,0.0,0.0,0.0,0.0,0.0,0.0,0.0,0.0,0.0,0.0,0.0,0.0,0.0,0.0,0.0,0.0,0.0
xPBudget_bl_1_4-MODS4,1,0,0,0.0,0.0,0.0,0.0,0.0,0.0,0.0,0.0,0.0,0.0,0.0,0.0,0.0,0.0,0.0,0.0,0.0,0.0,0.0,0.0,0.0,0.0,0.0,0.0,0.0
xPBudget_bl_1_4-MODS4,1,0,0,0.0,0.0,0.0,0.0,0.0,0.0,0.0,0.0,0.0,0.0,0.0,0.0,0.0,0.0,0.0,0.0,0.0,0.0,0.0,0.0,0.0,0.0,0.0,0.0,0.0
