ESCENARIO,NREP,ID,FLOTA,Produccion,Desplazamiento,Espera Material,Voladura,Mant Correctivo,Mant Preventivo,Otras Detenciones,Cambio Turno,Stand By,VACIO,VACIO,VACIO,VACIO,VACIO,VACIO,VACIO,VACIO,VACIO,VACIO,VACIO,VACIO,VACIO,VACIO,VACIO,Taladros
xPBudget_bl_1_4-MODS4,1,PS001,SmartROCD65,4207.749999999987,257.2382539939099,1850.4666666666742,81.0,1601.5999999999979,0.0,409.87740059981934,289.49343116334063,42.5,0.0,0.0,0.0,0.0,0.0,0.0,0.0,0.0,0.0,0.0,0.0,0.0,0.0,0.0,0.0,5452.0
xPBudget_bl_1_4-MODS4,1,PS002,SmartROCD65,4103.299999999999,264.07939664524065,1987.0166666666714,81.25,1580.799999999998,0.0,410.72718097424894,290.28874278741574,42.5,0.0,0.0,0.0,0.0,0.0,0.0,0.0,0.0,0.0,0.0,0.0,0.0,0.0,0.0,0.0,5314.0
xPBudget_bl_1_4-MODS4,1,PS003,SmartROCD65,3835.2999999999874,222.22311716145683,1841.750000000005,78.75,2038.399999999997,0.0,410.7271809742487,290.28874278741574,42.5,0.0,0.0,0.0,0.0,0.0,0.0,0.0,0.0,0.0,0.0,0.0,0.0,0.0,0.0,0.0,4971.0
xPBudget_bl_1_4-MODS4,1,PS004,SmartROCD65,4295.950000000003,249.35899983578946,1814.8000000000095,75.5,1580.799999999998,0.0,410.7271809742489,290.28874278741574,42.5,0.0,0.0,0.0,0.0,0.0,0.0,0.0,0.0,0.0,0.0,0.0,0.0,0.0,0.0,0.0,5571.0
xPBudget_bl_1_4-MODS4,1,PS005,SmartROCD65,4020.7749999999824,262.7648972594726,1680.8500000000004,76.0,1975.999999999997,0.0,410.7271809742488,290.28874278741574,42.5,0.0,0.0,0.0,0.0,0.0,0.0,0.0,0.0,0.0,0.0,0.0,0.0,0.0,0.0,0.0,5207.0
xPBudget_bl_1_4-MODS4,1,PS006,SmartROCD65,3875.174999999994,243.22158664611945,1908.1333333333164,76.25,1913.5999999999972,0.0,410.72718097424877,290.28874278741574,42.5,0.0,0.0,0.0,0.0,0.0,0.0,0.0,0.0,0.0,0.0,0.0,0.0,0.0,0.0,0.0,5019.0
xPBudget_bl_1_4-MODS4,1,PS007,SmartROCD65,4090.749999999995,248.34428085933405,1933.7666666666626,79.5,1663.9999999999977,0.0,410.7271809742488,290.28874278741574,42.5,0.0,0.0,0.0,0.0,0.0,0.0,0.0,0.0,0.0,0.0,0.0,0.0,0.0,0.0,0.0,5298.0
xPBudget_bl_1_4-MODS4,1,HR001,49HR-320XPC,3356.7250000000167,394.91166570955676,2811.566666666673,113.5,1319.9999999999993,0.0,410.41444444433876,310.2379305557915,42.5,0.0,0.0,0.0,0.0,0.0,0.0,0.0,0.0,0.0,0.0,0.0,0.0,0.0,0.0,0.0,7946.0
xPBudget_bl_1_4-MODS4,1,HR002,49HR-320XPC,3197.1500000000024,386.4049243773585,2748.6500000000024,102.5,1548.7999999999981,0.0,409.8483555554493,309.8129470892764,42.5,0.0,0.0,0.0,0.0,0.0,0.0,0.0,0.0,0.0,0.0,0.0,0.0,0.0,0.0,0.0,7567.0
xPBudget_bl_1_4-MODS4,1,HR003,49HR-320XPC,3206.3000000000056,399.72684674880367,2761.2999999999847,115.75,1513.5999999999983,0.0,410.4144444443377,310.2379305557913,42.5,0.0,0.0,0.0,0.0,0.0,0.0,0.0,0.0,0.0,0.0,0.0,0.0,0.0,0.0,0.0,7584.0
xPBudget_bl_1_4-MODS4,1,HR004,49HR-320XPC,3112.537500000001,368.0541594515018,2844.9166666666815,104.75,1566.399999999998,0.0,410.4144444443384,310.2379305557912,42.5,0.0,0.0,0.0,0.0,0.0,0.0,0.0,0.0,0.0,0.0,0.0,0.0,0.0,0.0,0.0,7362.0
xPBudget_bl_1_4-MODS4,1,PR001,PV351,3324.3636363639744,442.25340731925724,2801.233333333333,115.25,1425.0,0.0,338.53010772655523,270.668775629826,42.5,0.0,0.0,0.0,0.0,0.0,0.0,0.0,0.0,0.0,0.0,0.0,0.0,0.0,0.0,0.0,8654.0
xPBudget_bl_1_4-MODS4,1,PR002,PV351,3337.920454545676,414.8471391307754,2953.0666666666616,112.25,1290.0,0.0,338.53010772655523,270.66877562982614,42.5,0.0,0.0,0.0,0.0,0.0,0.0,0.0,0.0,0.0,0.0,0.0,0.0,0.0,0.0,0.0,8697.0
xPBudget_bl_1_4-MODS4,1,PR003,PV351,3141.545454545644,435.2944797602472,3166.7166666666703,119.5,1245.0,0.0,338.5301077265551,270.6687756298261,42.5,0.0,0.0,0.0,0.0,0.0,0.0,0.0,0.0,0.0,0.0,0.0,0.0,0.0,0.0,0.0,8187.0
xPBudget_bl_1_4-MODS4,1,PR004,PV351,3294.9431818185694,443.84970339590126,2879.8666666666586,118.25,1365.0,0.0,338.06445420836184,270.29799648512744,42.5,0.0,0.0,0.0,0.0,0.0,0.0,0.0,0.0,0.0,0.0,0.0,0.0,0.0,0.0,0.0,8576.0
xPBudget_bl_1_4-MODS4,1,PR005,PV351,3291.3409090912373,409.00701939124394,3046.683333333336,116.0,1245.0,0.0,338.5301077265552,270.66877562982614,42.5,0.0,0.0,0.0,0.0,0.0,0.0,0.0,0.0,0.0,0.0,0.0,0.0,0.0,0.0,0.0,8568.0
xPBudget_bl_1_4-MODS4,1,PR006,PV351,3137.602272727593,401.58654482070335,3048.1833333333134,112.25,1395.0,0.0,338.0644542083618,270.2979964851277,42.5,0.0,0.0,0.0,0.0,0.0,0.0,0.0,0.0,0.0,0.0,0.0,0.0,0.0,0.0,0.0,8159.0
xPBudget_bl_1_4-MODS4,1,BF001,DMM2,2124.52471482851,363.48836793682074,5014.433333333332,126.75,478.8000000000006,0.0,338.530107726555,270.6687756298261,42.5,0.0,0.0,0.0,0.0,0.0,0.0,0.0,0.0,0.0,0.0,0.0,0.0,0.0,0.0,0.0,3725.0
xPBudget_bl_1_4-MODS4,1,BF002,DMM2,1826.8060836498441,358.043182270041,5317.633333333345,133.0,472.50000000000057,0.0,338.53010772655495,270.6687756298261,42.5,0.0,0.0,0.0,0.0,0.0,0.0,0.0,0.0,0.0,0.0,0.0,0.0,0.0,0.0,0.0,3203.0
xPBudget_bl_1_4-MODS4,1,BF003,DMM2,2086.311787071837,344.66540165100525,4939.133333333345,126.75,611.0999999999999,0.0,338.530107726555,270.6687756298261,42.5,0.0,0.0,0.0,0.0,0.0,0.0,0.0,0.0,0.0,0.0,0.0,0.0,0.0,0.0,0.0,3658.0
xPBudget_bl_1_4-MODS4,1,0,0,0.0,0.0,0.0,0.0,0.0,0.0,0.0,0.0,0.0,0.0,0.0,0.0,0.0,0.0,0.0,0.0,0.0,0.0,0.0,0.0,0.0,0.0,0.0,0.0,0.0
xPBudget_bl_1_4-MODS4,1,0,0,0.0,0.0,0.0,0.0,0.0,0.0,0.0,0.0,0.0,0.0,0.0,0.0,0.0,0.0,0.0,0.0,0.0,0.0,0.0,0.0,0.0,0.0,0.0,0.0,0.0
xPBudget_bl_1_4-MODS4,1,0,0,0.0,0.0,0.0,0.0,0.0,0.0,0.0,0.0,0.0,0.0,0.0,0.0,0.0,0.0,0.0,0.0,0.0,0.0,0.0,0.0,0.0,0.0,0.0,0.0,0.0
xPBudget_bl_1_4-MODS4,1,0,0,0.0,0.0,0.0,0.0,0.0,0.0,0.0,0.0,0.0,0.0,0.0,0.0,0.0,0.0,0.0,0.0,0.0,0.0,0.0,0.0,0.0,0.0,0.0,0.0,0.0
xPBudget_bl_1_4-MODS4,1,0,0,0.0,0.0,0.0,0.0,0.0,0.0,0.0,0.0,0.0,0.0,0.0,0.0,0.0,0.0,0.0,0.0,0.0,0.0,0.0,0.0,0.0,0.0,0.0,0.0,0.0
xPBudget_bl_1_4-MODS4,1,0,0,0.0,0.0,0.0,0.0,0.0,0.0,0.0,0.0,0.0,0.0,0.0,0.0,0.0,0.0,0.0,0.0,0.0,0.0,0.0,0.0,0.0,0.0,0.0,0.0,0.0
xPBudget_bl_1_4-MODS4,1,0,0,0.0,0.0,0.0,0.0,0.0,0.0,0.0,0.0,0.0,0.0,0.0,0.0,0.0,0.0,0.0,0.0,0.0,0.0,0.0,0.0,0.0,0.0,0.0,0.0,0.0
xPBudget_bl_1_4-MODS4,1,0,0,0.0,0.0,0.0,0.0,0.0,0.0,0.0,0.0,0.0,0.0,0.0,0.0,0.0,0.0,0.0,0.0,0.0,0.0,0.0,0.0,0.0,0.0,0.0,0.0,0.0
xPBudget_bl_1_4-MODS4,1,0,0,0.0,0.0,0.0,0.0,0.0,0.0,0.0,0.0,0.0,0.0,0.0,0.0,0.0,0.0,0.0,0.0,0.0,0.0,0.0,0.0,0.0,0.0,0.0,0.0,0.0
xPBudget_bl_1_4-MODS4,1,0,0,0.0,0.0,0.0,0.0,0.0,0.0,0.0,0.0,0.0,0.0,0.0,0.0,0.0,0.0,0.0,0.0,0.0,0.0,0.0,0.0,0.0,0.0,0.0,0.0,0.0
xPBudget_bl_1_4-MODS4,1,0,0,0.0,0.0,0.0,0.0,0.0,0.0,0.0,0.0,0.0,0.0,0.0,0.0,0.0,0.0,0.0,0.0,0.0,0.0,0.0,0.0,0.0,0.0,0.0,0.0,0.0
xPBudget_bl_1_4-MODS4,1,0,0,0.0,0.0,0.0,0.0,0.0,0.0,0.0,0.0,0.0,0.0,0.0,0.0,0.0,0.0,0.0,0.0,0.0,0.0,0.0,0.0,0.0,0.0,0.0,0.0,0.0
xPBudget_bl_1_4-MODS4,1,0,0,0.0,0.0,0.0,0.0,0.0,0.0,0.0,0.0,0.0,0.0,0.0,0.0,0.0,0.0,0.0,0.0,0.0,0.0,0.0,0.0,0.0,0.0,0.0,0.0,0.0
xPBudget_bl_1_4-MODS4,1,0,0,0.0,0.0,0.0,0.0,0.0,0.0,0.0,0.0,0.0,0.0,0.0,0.0,0.0,0.0,0.0,0.0,0.0,0.0,0.0,0.0,0.0,0.0,0.0,0.0,0.0
xPBudget_bl_1_4-MODS4,1,0,0,0.0,0.0,0.0,0.0,0.0,0.0,0.0,0.0,0.0,0.0,0.0,0.0,0.0,0.0,0.0,0.0,0.0,0.0,0.0,0.0,0.0,0.0,0.0,0.0,0.0
xPBudget_bl_1_4-MODS4,1,0,0,0.0,0.0,0.0,0.0,0.0,0.0,0.0,0.0,0.0,0.0,0.0,0.0,0.0,0.0,0.0,0.0,0.0,0.0,0.0,0.0,0.0,0.0,0.0,0.0,0.0
xPBudget_bl_1_4-MODS4,1,0,0,0.0,0.0,0.0,0.0,0.0,0.0,0.0,0.0,0.0,0.0,0.0,0.0,0.0,0.0,0.0,0.0,0.0,0.0,0.0,0.0,0.0,0.0,0.0,0.0,0.0
xPBudget_bl_1_4-MODS4,1,0,0,0.0,0.0,0.0,0.0,0.0,0.0,0.0,0.0,0.0,0.0,0.0,0.0,0.0,0.0,0.0,0.0,0.0,0.0,0.0,0.0,0.0,0.0,0.0,0.0,0.0
xPBudget_bl_1_4-MODS4,1,0,0,0.0,0.0,0.0,0.0,0.0,0.0,0.0,0.0,0.0,0.0,0.0,0.0,0.0,0.0,0.0,0.0,0.0,0.0,0.0,0.0,0.0,0.0,0.0,0.0,0.0
xPBudget_bl_1_4-MODS4,1,0,0,0.0,0.0,0.0,0.0,0.0,0.0,0.0,0.0,0.0,0.0,0.0,0.0,0.0,0.0,0.0,0.0,0.0,0.0,0.0,0.0,0.0,0.0,0.0,0.0,0.0
xPBudget_bl_1_4-MODS4,1,0,0,0.0,0.0,0.0,0.0,0.0,0.0,0.0,0.0,0.0,0.0,0.0,0.0,0.0,0.0,0.0,0.0,0.0,0.0,0.0,0.0,0.0,0.0,0.0,0.0,0.0
xPBudget_bl_1_4-MODS4,1,0,0,0.0,0.0,0.0,0.0,0.0,0.0,0.0,0.0,0.0,0.0,0.0,0.0,0.0,0.0,0.0,0.0,0.0,0.0,0.0,0.0,0.0,0.0,0.0,0.0,0.0
xPBudget_bl_1_4-MODS4,1,0,0,0.0,0.0,0.0,0.0,0.0,0.0,0.0,0.0,0.0,0.0,0.0,0.0,0.0,0.0,0.0,0.0,0.0,0.0,0.0,0.0,0.0,0.0,0.0,0.0,0.0
xPBudget_bl_1_4-MODS4,1,0,0,0.0,0.0,0.0,0.0,0.0,0.0,0.0,0.0,0.0,0.0,0.0,0.0,0.0,0.0,0.0,0.0,0.0,0.0,0.0,0.0,0.0,0.0,0.0,0.0,0.0
xPBudget_bl_1_4-MODS4,1,0,0,0.0,0.0,0.0,0.0,0.0,0.0,0.0,0.0,0.0,0.0,0.0,0.0,0.0,0.0,0.0,0.0,0.0,0.0,0.0,0.0,0.0,0.0,0.0,0.0,0.0
xPBudget_bl_1_4-MODS4,1,0,0,0.0,0.0,0.0,0.0,0.0,0.0,0.0,0.0,0.0,0.0,0.0,0.0,0.0,0.0,0.0,0.0,0.0,0.0,0.0,0.0,0.0,0.0,0.0,0.0,0.0
xPBudget_bl_1_4-MODS4,1,0,0,0.0,0.0,0.0,0.0,0.0,0.0,0.0,0.0,0.0,0.0,0.0,0.0,0.0,0.0,0.0,0.0,0.0,0.0,0.0,0.0,0.0,0.0,0.0,0.0,0.0
xPBudget_bl_1_4-MODS4,1,0,0,0.0,0.0,0.0,0.0,0.0,0.0,0.0,0.0,0.0,0.0,0.0,0.0,0.0,0.0,0.0,0.0,0.0,0.0,0.0,0.0,0.0,0.0,0.0,0.0,0.0
xPBudget_bl_1_4-MODS4,1,0,0,0.0,0.0,0.0,0.0,0.0,0.0,0.0,0.0,0.0,0.0,0.0,0.0,0.0,0.0,0.0,0.0,0.0,0.0,0.0,0.0,0.0,0.0,0.0,0.0,0.0
