ESCENARIO,NREP,ID,FLOTA,Espera Camion (hs),Carga (hs),Posicionamiento (hs),Desplazamiento (hs),Falta Material (hs),Mant Correctivo (hs),Mant Programado (hs),Cambio Turno (hs),Stand By (hs),Otras Detenciones (hs),Voladura (hs),VACIO,VACIO,VACIO,VACIO,VACIO,VACIO,VACIO,VACIO,VACIO,VACIO,VACIO,VACIO,VACIO,Carga Acum (t)
xPBudget_bl_1_4-MODS4,1,SH001,P&H4800,469.1644444444463,3881.9970000076464,235.9999999999668,299.73949199491807,2151.766666666671,976.960000000001,0.0,283.46477134285925,42.5,282.56499072564066,135.5,0.0,0.0,0.0,0.0,0.0,0.0,0.0,0.0,0.0,0.0,0.0,0.0,0.0,4.090652268000008E7
xPBudget_bl_1_4-MODS4,1,SH002,P&H4800,751.3727777777585,3277.755000006274,199.0833333333504,1200.5574266564968,1644.1708333333318,954.2400000000009,0.0,283.46477134285925,42.5,282.5649907256407,124.0,0.0,0.0,0.0,0.0,0.0,0.0,0.0,0.0,0.0,0.0,0.0,0.0,0.0,3.451775703999995E7
xPBudget_bl_1_4-MODS4,1,SH003,P&H4800,819.3472222222335,3279.4560000068354,199.33333333331854,1108.1292299937952,1574.283333333341,1045.1200000000008,0.0,283.46477134285925,42.5,282.5649907256408,125.5,0.0,0.0,0.0,0.0,0.0,0.0,0.0,0.0,0.0,0.0,0.0,0.0,0.0,3.455351000000003E7
xPBudget_bl_1_4-MODS4,1,SH004,P&H4100,892.7666666666537,3701.7605475112423,180.00000000000833,853.1579119548353,1021.2041666666471,1384.320000000001,0.0,283.46477134285925,42.5,282.56499072564105,118.0,0.0,0.0,0.0,0.0,0.0,0.0,0.0,0.0,0.0,0.0,0.0,0.0,0.0,3.0372004469999988E7
xPBudget_bl_1_4-MODS4,1,SH005,P&H4100,1007.1108333332618,3316.922055011956,161.25000000000043,824.4589054102712,1156.3833333333375,1565.6000000000013,0.0,283.4647713428592,42.5,282.5649907256409,119.5,0.0,0.0,0.0,0.0,0.0,0.0,0.0,0.0,0.0,0.0,0.0,0.0,0.0,2.7201529860000014E7
xPBudget_bl_1_4-MODS4,1,SH006,P&H4100,162.265277777796,968.3695800022494,47.16666666665545,10.479703357161226,5364.38333333332,1466.7200000000012,0.0,283.4647713428592,42.5,282.5649907256407,132.0,0.0,0.0,0.0,0.0,0.0,0.0,0.0,0.0,0.0,0.0,0.0,0.0,0.0,7955220.819999999
xPBudget_bl_1_4-MODS4,1,SH007,P&H4100,900.5263888888828,3652.7049225119467,177.6666666666534,687.5233481734911,978.2625000000085,1631.5200000000013,0.0,283.464771342859,42.5,282.5649907256404,123.0,0.0,0.0,0.0,0.0,0.0,0.0,0.0,0.0,0.0,0.0,0.0,0.0,0.0,2.9975532489999965E7
xPBudget_bl_1_4-MODS4,1,SH008,P&H4100,862.9927777777848,3925.3387725125394,191.00000000000358,746.372830864048,911.6333333333297,1384.320000000001,0.0,283.07646343691005,42.5,282.1771183979457,118.5,0.0,0.0,0.0,0.0,0.0,0.0,0.0,0.0,0.0,0.0,0.0,0.0,0.0,3.221633585999999E7
xPBudget_bl_1_4-MODS4,1,SH009,EX8000,1315.5794444444728,4400.9790000017565,174.91666666668368,198.850969260024,813.3666666666683,840.0,0.0,359.4940300578884,42.5,473.12136454172787,141.0,0.0,0.0,0.0,0.0,0.0,0.0,0.0,0.0,0.0,0.0,0.0,0.0,0.0,1.993602518999999E7
xPBudget_bl_1_4-MODS4,1,SH010,EX8000,0.0,0.0,0.0,0.0,0.0,0.0,0.0,0.0,0.0,0.0,0.0,0.0,0.0,0.0,0.0,0.0,0.0,0.0,0.0,0.0,0.0,0.0,0.0,0.0,0.0
xPBudget_bl_1_4-MODS4,1,SH011,EX5600-6,1325.2747222222426,4574.796666675192,220.16666666666026,160.1547903058805,188.08333333333127,1286.2200000000005,0.0,359.49403005788827,42.5,473.1213645417277,130.0,0.0,0.0,0.0,0.0,0.0,0.0,0.0,0.0,0.0,0.0,0.0,0.0,0.0,2.1345992309999984E7
xPBudget_bl_1_4-MODS4,1,SH012,EX5600-6,1386.7530555555602,4346.026333341259,209.16666666667487,147.5340578956664,343.5166666666645,1319.2000000000005,0.0,359.49403005788815,42.5,473.1213645417279,132.5,0.0,0.0,0.0,0.0,0.0,0.0,0.0,0.0,0.0,0.0,0.0,0.0,0.0,2.0276227340000007E7
xPBudget_bl_1_4-MODS4,1,SH013,EX5600-6,0.0,0.0,0.0,0.0,0.0,0.0,0.0,0.0,0.0,0.0,0.0,0.0,0.0,0.0,0.0,0.0,0.0,0.0,0.0,0.0,0.0,0.0,0.0,0.0,0.0
xPBudget_bl_1_4-MODS4,1,0,0,0.0,0.0,0.0,0.0,0.0,0.0,0.0,0.0,0.0,0.0,0.0,0.0,0.0,0.0,0.0,0.0,0.0,0.0,0.0,0.0,0.0,0.0,0.0,0.0,0.0
xPBudget_bl_1_4-MODS4,1,0,0,0.0,0.0,0.0,0.0,0.0,0.0,0.0,0.0,0.0,0.0,0.0,0.0,0.0,0.0,0.0,0.0,0.0,0.0,0.0,0.0,0.0,0.0,0.0,0.0,0.0
xPBudget_bl_1_4-MODS4,1,0,0,0.0,0.0,0.0,0.0,0.0,0.0,0.0,0.0,0.0,0.0,0.0,0.0,0.0,0.0,0.0,0.0,0.0,0.0,0.0,0.0,0.0,0.0,0.0,0.0,0.0
xPBudget_bl_1_4-MODS4,1,0,0,0.0,0.0,0.0,0.0,0.0,0.0,0.0,0.0,0.0,0.0,0.0,0.0,0.0,0.0,0.0,0.0,0.0,0.0,0.0,0.0,0.0,0.0,0.0,0.0,0.0
xPBudget_bl_1_4-MODS4,1,0,0,0.0,0.0,0.0,0.0,0.0,0.0,0.0,0.0,0.0,0.0,0.0,0.0,0.0,0.0,0.0,0.0,0.0,0.0,0.0,0.0,0.0,0.0,0.0,0.0,0.0
xPBudget_bl_1_4-MODS4,1,0,0,0.0,0.0,0.0,0.0,0.0,0.0,0.0,0.0,0.0,0.0,0.0,0.0,0.0,0.0,0.0,0.0,0.0,0.0,0.0,0.0,0.0,0.0,0.0,0.0,0.0
xPBudget_bl_1_4-MODS4,1,0,0,0.0,0.0,0.0,0.0,0.0,0.0,0.0,0.0,0.0,0.0,0.0,0.0,0.0,0.0,0.0,0.0,0.0,0.0,0.0,0.0,0.0,0.0,0.0,0.0,0.0
xPBudget_bl_1_4-MODS4,1,0,0,0.0,0.0,0.0,0.0,0.0,0.0,0.0,0.0,0.0,0.0,0.0,0.0,0.0,0.0,0.0,0.0,0.0,0.0,0.0,0.0,0.0,0.0,0.0,0.0,0.0
xPBudget_bl_1_4-MODS4,1,0,0,0.0,0.0,0.0,0.0,0.0,0.0,0.0,0.0,0.0,0.0,0.0,0.0,0.0,0.0,0.0,0.0,0.0,0.0,0.0,0.0,0.0,0.0,0.0,0.0,0.0
xPBudget_bl_1_4-MODS4,1,0,0,0.0,0.0,0.0,0.0,0.0,0.0,0.0,0.0,0.0,0.0,0.0,0.0,0.0,0.0,0.0,0.0,0.0,0.0,0.0,0.0,0.0,0.0,0.0,0.0,0.0
xPBudget_bl_1_4-MODS4,1,0,0,0.0,0.0,0.0,0.0,0.0,0.0,0.0,0.0,0.0,0.0,0.0,0.0,0.0,0.0,0.0,0.0,0.0,0.0,0.0,0.0,0.0,0.0,0.0,0.0,0.0
xPBudget_bl_1_4-MODS4,1,0,0,0.0,0.0,0.0,0.0,0.0,0.0,0.0,0.0,0.0,0.0,0.0,0.0,0.0,0.0,0.0,0.0,0.0,0.0,0.0,0.0,0.0,0.0,0.0,0.0,0.0
xPBudget_bl_1_4-MODS4,1,0,0,0.0,0.0,0.0,0.0,0.0,0.0,0.0,0.0,0.0,0.0,0.0,0.0,0.0,0.0,0.0,0.0,0.0,0.0,0.0,0.0,0.0,0.0,0.0,0.0,0.0
xPBudget_bl_1_4-MODS4,1,0,0,0.0,0.0,0.0,0.0,0.0,0.0,0.0,0.0,0.0,0.0,0.0,0.0,0.0,0.0,0.0,0.0,0.0,0.0,0.0,0.0,0.0,0.0,0.0,0.0,0.0
xPBudget_bl_1_4-MODS4,1,0,0,0.0,0.0,0.0,0.0,0.0,0.0,0.0,0.0,0.0,0.0,0.0,0.0,0.0,0.0,0.0,0.0,0.0,0.0,0.0,0.0,0.0,0.0,0.0,0.0,0.0
xPBudget_bl_1_4-MODS4,1,0,0,0.0,0.0,0.0,0.0,0.0,0.0,0.0,0.0,0.0,0.0,0.0,0.0,0.0,0.0,0.0,0.0,0.0,0.0,0.0,0.0,0.0,0.0,0.0,0.0,0.0
xPBudget_bl_1_4-MODS4,1,0,0,0.0,0.0,0.0,0.0,0.0,0.0,0.0,0.0,0.0,0.0,0.0,0.0,0.0,0.0,0.0,0.0,0.0,0.0,0.0,0.0,0.0,0.0,0.0,0.0,0.0
xPBudget_bl_1_4-MODS4,1,0,0,0.0,0.0,0.0,0.0,0.0,0.0,0.0,0.0,0.0,0.0,0.0,0.0,0.0,0.0,0.0,0.0,0.0,0.0,0.0,0.0,0.0,0.0,0.0,0.0,0.0
xPBudget_bl_1_4-MODS4,1,0,0,0.0,0.0,0.0,0.0,0.0,0.0,0.0,0.0,0.0,0.0,0.0,0.0,0.0,0.0,0.0,0.0,0.0,0.0,0.0,0.0,0.0,0.0,0.0,0.0,0.0
xPBudget_bl_1_4-MODS4,1,0,0,0.0,0.0,0.0,0.0,0.0,0.0,0.0,0.0,0.0,0.0,0.0,0.0,0.0,0.0,0.0,0.0,0.0,0.0,0.0,0.0,0.0,0.0,0.0,0.0,0.0
xPBudget_bl_1_4-MODS4,1,0,0,0.0,0.0,0.0,0.0,0.0,0.0,0.0,0.0,0.0,0.0,0.0,0.0,0.0,0.0,0.0,0.0,0.0,0.0,0.0,0.0,0.0,0.0,0.0,0.0,0.0
xPBudget_bl_1_4-MODS4,1,0,0,0.0,0.0,0.0,0.0,0.0,0.0,0.0,0.0,0.0,0.0,0.0,0.0,0.0,0.0,0.0,0.0,0.0,0.0,0.0,0.0,0.0,0.0,0.0,0.0,0.0
xPBudget_bl_1_4-MODS4,1,0,0,0.0,0.0,0.0,0.0,0.0,0.0,0.0,0.0,0.0,0.0,0.0,0.0,0.0,0.0,0.0,0.0,0.0,0.0,0.0,0.0,0.0,0.0,0.0,0.0,0.0
xPBudget_bl_1_4-MODS4,1,0,0,0.0,0.0,0.0,0.0,0.0,0.0,0.0,0.0,0.0,0.0,0.0,0.0,0.0,0.0,0.0,0.0,0.0,0.0,0.0,0.0,0.0,0.0,0.0,0.0,0.0
xPBudget_bl_1_4-MODS4,1,0,0,0.0,0.0,0.0,0.0,0.0,0.0,0.0,0.0,0.0,0.0,0.0,0.0,0.0,0.0,0.0,0.0,0.0,0.0,0.0,0.0,0.0,0.0,0.0,0.0,0.0
xPBudget_bl_1_4-MODS4,1,0,0,0.0,0.0,0.0,0.0,0.0,0.0,0.0,0.0,0.0,0.0,0.0,0.0,0.0,0.0,0.0,0.0,0.0,0.0,0.0,0.0,0.0,0.0,0.0,0.0,0.0
xPBudget_bl_1_4-MODS4,1,0,0,0.0,0.0,0.0,0.0,0.0,0.0,0.0,0.0,0.0,0.0,0.0,0.0,0.0,0.0,0.0,0.0,0.0,0.0,0.0,0.0,0.0,0.0,0.0,0.0,0.0
xPBudget_bl_1_4-MODS4,1,0,0,0.0,0.0,0.0,0.0,0.0,0.0,0.0,0.0,0.0,0.0,0.0,0.0,0.0,0.0,0.0,0.0,0.0,0.0,0.0,0.0,0.0,0.0,0.0,0.0,0.0
xPBudget_bl_1_4-MODS4,1,0,0,0.0,0.0,0.0,0.0,0.0,0.0,0.0,0.0,0.0,0.0,0.0,0.0,0.0,0.0,0.0,0.0,0.0,0.0,0.0,0.0,0.0,0.0,0.0,0.0,0.0
xPBudget_bl_1_4-MODS4,1,0,0,0.0,0.0,0.0,0.0,0.0,0.0,0.0,0.0,0.0,0.0,0.0,0.0,0.0,0.0,0.0,0.0,0.0,0.0,0.0,0.0,0.0,0.0,0.0,0.0,0.0
xPBudget_bl_1_4-MODS4,1,0,0,0.0,0.0,0.0,0.0,0.0,0.0,0.0,0.0,0.0,0.0,0.0,0.0,0.0,0.0,0.0,0.0,0.0,0.0,0.0,0.0,0.0,0.0,0.0,0.0,0.0
xPBudget_bl_1_4-MODS4,1,0,0,0.0,0.0,0.0,0.0,0.0,0.0,0.0,0.0,0.0,0.0,0.0,0.0,0.0,0.0,0.0,0.0,0.0,0.0,0.0,0.0,0.0,0.0,0.0,0.0,0.0
xPBudget_bl_1_4-MODS4,1,0,0,0.0,0.0,0.0,0.0,0.0,0.0,0.0,0.0,0.0,0.0,0.0,0.0,0.0,0.0,0.0,0.0,0.0,0.0,0.0,0.0,0.0,0.0,0.0,0.0,0.0
xPBudget_bl_1_4-MODS4,1,0,0,0.0,0.0,0.0,0.0,0.0,0.0,0.0,0.0,0.0,0.0,0.0,0.0,0.0,0.0,0.0,0.0,0.0,0.0,0.0,0.0,0.0,0.0,0.0,0.0,0.0
xPBudget_bl_1_4-MODS4,1,0,0,0.0,0.0,0.0,0.0,0.0,0.0,0.0,0.0,0.0,0.0,0.0,0.0,0.0,0.0,0.0,0.0,0.0,0.0,0.0,0.0,0.0,0.0,0.0,0.0,0.0
xPBudget_bl_1_4-MODS4,1,0,0,0.0,0.0,0.0,0.0,0.0,0.0,0.0,0.0,0.0,0.0,0.0,0.0,0.0,0.0,0.0,0.0,0.0,0.0,0.0,0.0,0.0,0.0,0.0,0.0,0.0
